client_id,full_name,phone,email,main_address,registration_date
1,Шарова Порфирий Матвеевна,8 (109) 324-80-86,tsvetkovvikenti@example.com,"с. Люберцы, бул. Абрикосовый, д. 8/8 стр. 97, 639821",2024-08-12
2,Елисеева Фаина Фёдорович,8 840 449 9727,svjatopolk_1993@example.com,"к. Калач-на-Дону, алл. Пархоменко, д. 16 стр. 8, 627028",2025-12-12
3,Фадеева Максимильян Бориславович,8 (187) 026-21-74,jaropolk_61@example.com,"клх Сузун, ул. Верхняя, д. 44 стр. 261, 240050",2024-09-07
4,Дементьев Мирон Феликсович,+7 (386) 922-21-96,sergesisoev@example.net,"с. Красноселькуп, наб. Зеленая, д. 5/9 к. 81, 946474",2024-04-14
5,Артемьева Нестор Харлампьевич,+7 369 594 40 64,vorontsovaalla@example.net,"ст. Кириши, ш. Есенина, д. 53 стр. 11, 709521",2024-09-10
6,Михеева Макар Фёдорович,+7 (328) 588-42-47,olga51@example.com,"ст. Кингисепп, бул. М.Горького, д. 2 стр. 1/5, 754965",2023-11-25
7,Абрамов Евдокия Харитонович,+7 985 931 7461,alinablohina@example.org,"г. Владимир, пер. Театральный, д. 8/6, 926179",2025-03-04
8,Голубев Климент Львовна,8 377 351 5850,mzhdanov@example.org,"клх Катав-Ивановск, бул. Колхозный, д. 353 стр. 91, 933529",2023-06-14
9,Гришина Кирилл Виленович,+7 (842) 102-05-39,agge_24@example.org,"д. Гагарин, ул. Металлургов, д. 6/9 стр. 478, 847007",2025-02-22
10,Афанасьева Парфен Борисович,8 (711) 592-12-49,lukija_1992@example.com,"д. Шенкурск, ул. Донская, д. 86 к. 66, 661565",2026-04-08
11,Дементьев Ираклий Витальевич,8 (111) 161-52-80,feliks_1992@example.net,"к. Ревда (Сверд.), ул. Высотная, д. 6 стр. 498, 731585",2023-12-05
12,Наумов София Борисовна,+7 (689) 980-9402,klavdija45@example.com,"ст. Дно, бул. Юности, д. 220 стр. 76, 525459",2025-12-22
13,Вишнякова Борислав Антипович,+7 (290) 147-67-97,nnekrasov@example.net,"с. Вытегра, бул. Станиславского, д. 1 к. 16, 343244",2024-10-31
14,Попов Виссарион Эдуардович,8 226 838 85 16,kudrjashovaakulina@example.com,"д. Рубцовск, пр. Марта 8, д. 2 стр. 1/6, 975161",2024-06-21
15,Медведева Поликарп Трифонович,8 (164) 535-2181,sokrat_1983@example.com,"п. Волхов, наб. Ивановская, д. 39, 277997",2026-05-03
16,Никифорова Феофан Евгеньевна,85527177449,kazakovapraskovja@example.org,"с. Ачинск, наб. Лунная, д. 919, 798079",2026-03-18
17,Носков Евгений Викторовна,8 (820) 715-18-20,porfiribikov@example.net,"к. Липецк, пр. Титова, д. 651 к. 586, 925192",2024-12-04
18,Кондратьева Леонид Ивановна,8 291 486 52 81,xvolkova@example.org,"п. Качканар, ш. Вахитова, д. 33 к. 51, 888059",2023-12-30
19,Ситников Эдуард Витальевич,+7 (292) 706-53-79,praskovja73@example.net,"ст. Соболево, наб. Гончарова, д. 5/7, 239240",2026-03-02
20,Мамонтова Светозар Марсович,8 (181) 412-4782,okorolev@example.com,"с. Белорецк, пер. Королева, д. 26 к. 4, 515220",2024-08-28
21,Аксенова Савва Яковлевна,+7 (779) 010-43-28,panfil_1977@example.com,"г. Барнаул, пр. Л.Толстого, д. 917, 893246",2023-06-12
22,Крюков Юрий Демидович,86218518888,adrian_1996@example.com,"к. Краснокамск, ул. 70 лет Октября, д. 253 стр. 3, 585277",2026-02-15
23,Юдина Добромысл Венедиктович,+7 704 303 05 48,ilapina@example.com,"ст. Калевала, наб. Коммунистическая, д. 5 к. 756, 652775",2025-08-24
24,Исаева Карл Архипович,8 169 284 51 15,lev79@example.net,"клх Сасово, пр. Западный, д. 7 к. 1, 658202",2026-01-08
25,Сафонова Евфросиния Феоктистович,+7 213 556 9092,moise1995@example.com,"д. Ноябрьск, наб. Медицинская, д. 11 к. 97, 814473",2026-01-15
26,Тихонова Конон Эдгардович,+7 (121) 727-1551,tit_1989@example.com,"ст. Новый Оскол, алл. Индустриальная, д. 42 стр. 1/6, 782911",2024-10-02
27,Рыбакова Никон Ниловна,8 (866) 912-51-77,mechislav_1978@example.net,"с. Тверь, ш. Свободное, д. 34, 535841",2024-07-03
28,Анисимова Евсей Афанасьевна,+72498182992,julijamolchanova@example.net,"ст. Арсеньев, ул. Кузнецкая, д. 79, 784473",2026-05-09
29,Кириллов Онуфрий Филиппович,+7 027 677 35 92,maja_55@example.com,"д. Учалы, наб. Тульская, д. 2/5, 321046",2026-01-20
30,Чернов Панкрат Владиленович,8 953 278 7747,tarasovamarfa@example.net,"п. Черкесск, ул. Березовая, д. 8 к. 5/9, 162456",2024-12-29
31,Брагин Аникита Антипович,88358416878,jaropolk91@example.org,"к. Невельск, наб. Средняя, д. 99 стр. 9/1, 025787",2024-01-27
32,Корнилова Эрнст Якубович,+7 (595) 269-49-58,tverdislav_2003@example.net,"ст. Анадырь, наб. Рябиновая, д. 5/1 к. 5/4, 972896",2024-01-25
33,Мартынов Екатерина Александрович,81307562636,fevronija_2011@example.com,"д. Каргополь, наб. Дружба, д. 6/3 стр. 9/6, 497334",2025-10-23
34,Савельев Лаврентий Ефимович,+73757584419,natan_1996@example.com,"г. Луховицы, ул. Новоселов, д. 5/8 стр. 93, 842199",2024-06-15
35,Комаров Илья Кузьминична,8 (330) 165-7120,gleb_1997@example.net,"клх Камышлов, наб. Февральская, д. 419 к. 326, 672400",2024-09-15
36,Данилова Ферапонт Борисович,8 478 872 8743,suhanovgremislav@example.net,"клх Кажим, бул. Энтузиастов, д. 4, 966851",2025-02-21
37,Пономарев Глафира Гаврилович,+7 (753) 046-37-45,fortunat90@example.com,"г. Глазов, наб. Большая, д. 9/5 к. 445, 272795",2025-03-16
38,Ильина Клавдия Харитонович,8 (339) 187-8519,semenovtrofim@example.net,"п. Мценск, пр. Огородный, д. 89 стр. 187, 286790",2025-10-25
39,Фомина Роман Филипповна,+70640391065,potapovaristarh@example.org,"к. Поронайск, ш. Театральное, д. 6/7, 661825",2023-12-11
40,Комарова Денис Тимурович,8 (230) 047-8686,iosifribakov@example.com,"п. Гаврилов-Ям, ш. Маркса Карла, д. 233, 907903",2023-08-17
41,Шашков Олег Даниилович,8 (302) 843-9599,izot_42@example.net,"к. Кырен, пер. Ягодный, д. 9/8, 568566",2024-01-27
42,Ситников Ладимир Гаврилович,8 (733) 427-0866,taras_1979@example.com,"п. Набережные Челны, ул. Химиков, д. 2 стр. 50, 990139",2026-04-18
43,Кудряшов Федот Харлампович,+7 (540) 331-7393,pkrasilnikova@example.net,"с. Смоленск, бул. Гайдара, д. 5 стр. 9, 717535",2024-10-08
44,Тарасов Остромир Богдановна,+7 (204) 899-6423,ivan_69@example.org,"к. Сунтар, бул. Папанина, д. 3/6 стр. 92, 280801",2026-04-13
45,Жданова Анисим Абрамович,8 231 203 87 50,vasilisa2003@example.org,"г. Анадырь, бул. Прохладный, д. 1 стр. 3/2, 823398",2024-07-06
46,Лукин Мина Тимуровна,8 156 793 34 10,maslovnatan@example.com,"клх Алдан, алл. Нижняя, д. 7/6 стр. 480, 974014",2025-09-30
47,Ширяева Феоктист Александрович,+7 (503) 926-14-29,ferapontshchukin@example.com,"ст. Дивногорск, бул. Крестьянский, д. 1 стр. 263, 999650",2026-02-19
48,Капустина Ким Филимонович,8 (358) 662-96-19,iosif11@example.com,"клх Елатьма, пр. Крупской, д. 2 стр. 804, 412126",2025-05-07
49,Кузьмина Федосий Якубович,8 101 581 99 56,kalininanadezhda@example.com,"д. Тотьма, бул. Максима Горького, д. 52, 472126",2024-08-11
50,Моисеев Пантелеймон Харлампьевич,+7 543 799 37 12,averjan65@example.net,"с. Наро-Фоминск, ш. Геологическое, д. 6 к. 67, 654793",2024-10-28
51,Шилов Назар Эльдаровна,8 519 398 28 07,porfirilavrentev@example.com,"клх Тамбов, бул. Лермонтова, д. 34, 617979",2025-02-21
52,Петрова Творимир Макаровна,8 805 891 13 52,vorontsovamilitsa@example.com,"г. Внуково (метеост.), алл. Черноморская, д. 6/7 к. 9/3, 071461",2023-12-07
53,Бобров Надежда Иларионович,+75738757177,artem_40@example.net,"ст. Нерчинск, ул. Тракторная, д. 38 стр. 95, 736226",2025-02-13
54,Чернова Алексей Георгиевна,+7 (796) 603-3419,lavrentevterenti@example.org,"п. Серов, наб. Пожарского, д. 7, 915579",2024-03-04
55,Кудряшова Евгения Федоровна,+79912513412,iraida_28@example.com,"д. Орел, алл. Станиславского, д. 38 к. 5/3, 579050",2025-07-01
56,Колесников Всемил Эдуардовна,8 887 676 77 21,evseevaelena@example.com,"п. Углегорск, алл. Л.Толстого, д. 9/9 к. 591, 807836",2023-11-16
57,Федосеева Нина Ивановна,+7 (407) 451-7133,lora_96@example.org,"ст. Каргасок, пер. 60 лет Октября, д. 9, 544948",2026-04-30
58,Дорофеев Валентин Рубеновна,8 042 232 53 67,uljanaevdokimova@example.com,"с. Буденновск, ш. Студенческое, д. 9/5 стр. 8, 590175",2023-09-16
59,Евсеев Творимир Григорьевич,8 374 545 89 29,mefodi2016@example.org,"клх Сибай, ул. Авиационная, д. 8/1, 324241",2026-03-22
60,Овчинников Мирослав Архипович,8 206 436 1103,bazhen1979@example.net,"г. Алапаевск, наб. Киевская, д. 3/8 стр. 236, 155426",2024-01-02
61,Мельникова Анастасия Викторович,+7 890 927 53 26,erofe1975@example.org,"д. Оренбург, пр. Островского, д. 53 к. 538, 438983",2025-02-07
62,Веселова Лавр Антипович,+7 (761) 379-1805,vlas_69@example.com,"ст. Соликамск, ул. Профсоюзная, д. 143, 684866",2026-06-04
63,Сергеев Олег Егоровна,8 (892) 414-1832,makar_1996@example.net,"клх Сальск, ш. Волочаевское, д. 731 стр. 179, 210202",2025-07-20
64,Виноградова Милан Ярославович,+72524105648,belousovflorentin@example.net,"с. Тихорецк, ул. Тюленина, д. 35 к. 2, 380003",2023-08-20
65,Артемьев Савва Теймуразович,+7 (208) 635-36-54,drozdovmoke@example.org,"п. Томари, пр. Верхний, д. 5/5, 187053",2024-09-04
66,Капустина Феоктист Ефимьевич,83759738320,ovasilev@example.net,"к. Абинск, пр. Дзержинского, д. 438 стр. 8/1, 410386",2026-06-02
67,Фомичев Мокей Робертовна,+7 918 261 99 06,zhannakalinina@example.com,"клх Муром, пр. Городской, д. 41 к. 29, 127756",2023-12-14
68,Терентьев Терентий Сергеевна,+7 (747) 411-2490,makarkulikov@example.org,"с. Токма, бул. Горького, д. 3, 678831",2025-05-27
69,Евдокимова Варфоломей Тимуровна,+7 (100) 323-65-19,afinogen01@example.org,"г. Надым, ул. Кочубея, д. 729, 706625",2024-05-08
70,Хохлов Дорофей Елисеевич,8 (209) 993-47-68,arkadi1975@example.com,"с. Камышлов, ш. Ленское, д. 865 стр. 6/9, 642059",2024-05-15
71,Авдеева Амвросий Харитоновна,+70785932133,tvorimir03@example.net,"ст. Иваново, алл. Карла Маркса, д. 1, 992937",2025-09-29
72,Шестаков Леонид Эдгардович,+7 103 930 8705,vladislavaleksandrov@example.net,"г. Апатиты, пер. Морской, д. 285, 691545",2024-01-07
73,Мартынова Глеб Феодосьевич,8 (528) 953-92-64,vladimir20@example.net,"п. Шахты, ш. Черноморское, д. 672 к. 635, 157043",2024-07-01
74,Кузьмин Иванна Иларионович,+71006762676,trifon_61@example.com,"с. Бугульма, наб. Южная, д. 5, 152621",2025-10-06
75,Ларионов Вадим Владиславовна,87062962015,evgrafisakov@example.net,"к. Когалым, ул. Пирогова, д. 3/1, 061497",2024-04-15
76,Зайцев Валерий Гертрудович,+7 (417) 146-77-41,nikanor_1982@example.com,"п. Светлогорск (Калин.), наб. Щетинкина, д. 5/4, 902115",2025-09-28
77,Меркушева Остромир Руслановна,83806868793,ladimir1975@example.com,"г. Северодвинск, алл. Ульяновская, д. 12, 163294",2024-10-18
78,Красильникова Милица Филипповна,+7 168 685 48 70,julija_1998@example.org,"п. Хасавюрт, пер. Сиреневый, д. 591 стр. 7, 679970",2024-03-03
79,Константинов Кирилл Викторович,89606530745,shirjaevaklavdija@example.com,"ст. Внуково (метеост.), алл. Чкалова, д. 6/5, 913736",2025-07-01
80,Павлова Светлана Марсович,+7 821 486 2890,evdokijashashkova@example.org,"г. Середниково, наб. Выгонная, д. 6, 861035",2025-07-08
81,Рожков Чеслав Вячеславович,8 (985) 524-14-06,sorokinauljana@example.org,"клх Каргасок, бул. Специалистов, д. 307 к. 19, 494466",2024-12-02
82,Селезнев Родион Григорьевич,8 (489) 691-08-58,lavrenti17@example.org,"клх Мураши, наб. Победы, д. 92 к. 70, 207446",2025-02-27
83,Чернова Никанор Алексеевич,89353875842,dmitri_1989@example.org,"клх Красноярск, ш. Казанское, д. 2 стр. 45, 655494",2025-05-30
84,Субботин Викторин Антипович,89917381684,jkiselev@example.org,"с. Химки, алл. Куйбышева, д. 81 к. 3, 007432",2025-11-21
85,Филиппов Таисия Эдгардович,+7 296 666 76 00,evstigne_2019@example.com,"ст. Тутаев, ул. Новая, д. 63, 216894",2024-02-24
86,Агафонова Артемий Андреевич,+74789856257,polina_32@example.com,"п. Гусь-Хрустальный, бул. Рабочий, д. 61, 648909",2023-08-23
87,Рябов Вера Ивановна,+7 016 761 8472,avksentiantonov@example.com,"д. Шерегеш, алл. Правды, д. 289 стр. 2, 739348",2024-04-18
88,Горбунова Мирон Устинович,+72087375300,burovvenedikt@example.net,"г. Тихорецк, бул. Сельский, д. 4, 447012",2023-08-10
89,Молчанов Корнил Феликсовна,8 611 002 2557,natalja15@example.com,"с. Петропавловск-Камчатский, наб. Добролюбова, д. 7/3 к. 320, 697972",2026-01-14
90,Савина Натан Ильясович,80277167014,agap_89@example.net,"д. Троицк (Моск.), бул. Кубанский, д. 4/8 стр. 7, 890028",2025-06-08
91,Фадеева Серафим Владленович,+7 753 540 83 86,pprohorova@example.org,"ст. Хоста, ул. ДОС, д. 6/2 к. 1/2, 608801",2026-01-03
92,Петухова Ян Ефимьевич,8 (837) 550-3758,ljudmila2014@example.com,"г. Кизел, наб. Крылова, д. 9, 102726",2023-11-23
93,Николаева Ираклий Герасимович,+7 (163) 735-1609,mamontovradim@example.com,"г. Тутаев, ул. Седова, д. 9/3 стр. 22, 995866",2026-01-11
94,Хохлова Иванна Денисович,+76547226984,longin_2018@example.net,"п. Якутск, наб. Мелиораторов, д. 92 стр. 2, 879968",2024-08-27
95,Кабанова Панфил Авдеевич,8 (106) 200-3424,galaktion04@example.org,"ст. Семлячики, пер. Вольный, д. 4/9, 066658",2023-09-01
96,Панфилова Агап Димитриевич,+7 (973) 598-9334,demjan2016@example.org,"клх Токсово, пр. Дорожный, д. 5/9, 229405",2025-06-03
97,Самсонова Лора Витальевич,+7 259 094 7985,sharovlukjan@example.net,"д. Борзя, алл. Карбышева, д. 2/6 стр. 63, 543987",2025-10-29
98,Маркова Прасковья Августович,+7 573 993 05 61,ikopilov@example.net,"д. Озеры, ш. Тукая, д. 8/1 стр. 4, 811288",2023-06-21
99,Титов Ярослав Глебович,+7 (613) 861-2075,beljaevaanzhela@example.org,"д. Бреды, ш. Курское, д. 7 стр. 8/7, 506180",2026-03-02
100,Осипова Маргарита Арсенович,80158144914,naum1996@example.net,"п. Тында, алл. Черняховского, д. 3, 508821",2023-08-13
101,Романова Аверкий Владиславовна,8 881 435 36 82,evgenijapoljakova@example.net,"г. Иркутск, ш. Трактовое, д. 9/2 стр. 2, 139755",2023-12-26
102,Миронова Дарья Данилович,+7 491 357 75 94,tatjanaermakova@example.com,"п. Адлер, алл. Черноморская, д. 5/6 к. 85, 754781",2024-03-09
103,Фролова Анжела Артурович,+72834110809,lshilova@example.org,"д. Улан-Удэ, бул. Учительский, д. 7 к. 59, 788165",2025-07-29
104,Шестакова Автоном Демидович,82827229927,andron_37@example.org,"к. Кировск (Ленин.), бул. Ясный, д. 7, 700518",2026-02-18
105,Шубина Кир Павловна,+79892665918,nazar38@example.com,"с. Старая Русса, ул. О.Кошевого, д. 37 стр. 91, 322259",2023-12-10
106,Рыбаков Вера Фёдорович,8 177 739 2603,gusevauljana@example.net,"клх Тобольск, пер. Братский, д. 324, 990413",2025-05-07
107,Фокин Эрнст Харлампьевич,+7 (369) 292-98-42,radovan_99@example.org,"с. Дагомыс, ул. Краснознаменная, д. 3/2, 799088",2023-12-09
108,Силин Вадим Игоревна,+7 (980) 686-50-86,svetozarvishnjakov@example.com,"с. Данков, пр. Лесозаводский, д. 949 к. 5/4, 098180",2025-01-12
109,Тихонов Валерия Львовна,8 651 269 4486,juli_46@example.org,"п. Обнинск, пер. Леваневского, д. 5 стр. 7, 137213",2025-08-07
110,Кириллова Олег Игоревич,8 (902) 601-2796,golubevkallistrat@example.org,"д. Ачинск, пр. Юности, д. 1 стр. 87, 384309",2025-08-11
111,Гаврилова Софрон Даниилович,82053021465,lkornilov@example.org,"г. Усть-Баргузин, бул. Тельмана, д. 5 к. 49, 690426",2025-08-04
112,Баранова Вацлав Артёмович,8 (451) 848-9476,uljana1986@example.com,"д. Армавир, ул. Отрадная, д. 463 к. 7, 880434",2023-11-01
113,Фомина Нифонт Робертовна,8 182 755 3942,sigizmundzinovev@example.org,"ст. Кунгур, алл. Краснознаменная, д. 69, 111790",2025-09-28
114,Молчанова Андроник Харлампьевич,8 957 947 2846,florentingusev@example.org,"д. Аршан (Бурят.), наб. Льва Толстого, д. 27 стр. 6/1, 369155",2026-01-16
115,Давыдов Исидор Аркадьевна,+73479552763,wrodionova@example.com,"к. Североуральск, пер. Украинский, д. 51, 866322",2025-06-13
116,Казаков Авксентий Федосеевич,8 (288) 574-48-90,slazarev@example.org,"ст. Красноселькуп, ш. Гаражное, д. 6/5 к. 6, 506159",2024-04-14
117,Захарова Флорентин Захаровна,8 (245) 587-7169,rostislav22@example.net,"клх Элиста, пр. Мостовой, д. 425 стр. 6, 496475",2025-12-07
118,Пестова Спиридон Филимонович,8 220 234 13 26,belovarseni@example.com,"ст. Переславль-Залесский, ш. Народное, д. 349 стр. 464, 472282",2023-07-24
119,Шестакова Ананий Ильясович,8 778 487 2829,akulina2020@example.net,"к. Старая Русса, алл. Родниковая, д. 5/6 стр. 5/3, 008254",2025-06-07
120,Соколов Творимир Львовна,8 (740) 649-30-85,ostapbobilev@example.net,"п. Жуковский, бул. Разина, д. 4/5 стр. 963, 484631",2024-03-19
121,Савин Всемил Брониславович,8 (974) 973-50-20,azari_1982@example.org,"п. Самара, ул. Лесозаводская, д. 820 стр. 75, 757051",2024-01-22
122,Лукин Аполлон Степановна,8 187 234 60 13,cvorontsova@example.org,"с. Витим, бул. Снежный, д. 7/5 стр. 3, 881474",2024-04-13
123,Лаврентьева Мирослав Антипович,+7 (136) 502-4916,avksentilitkin@example.org,"к. Верхний Уфалей, алл. Тюленина, д. 195, 528127",2024-06-05
124,Кудрявцева Лукьян Тарасовна,8 730 652 4077,kuprijan_2006@example.net,"д. Казань, наб. Шевченко, д. 5/9 стр. 91, 744857",2023-06-11
125,Петухова Фёкла Юльевич,8 209 593 51 86,stanislavfedoseev@example.com,"к. Поярково, наб. Заозерная, д. 181 стр. 12, 173109",2026-03-02
126,Ширяева Никанор Эдгардович,8 (994) 053-9103,bogdan2001@example.net,"д. Пушкин, ш. Майское, д. 9 к. 214, 811386",2024-03-30
127,Воробьева Евдоким Игоревна,+7 (928) 861-9576,sergeevdmitri@example.net,"клх Ербогачен, пер. Азина, д. 6 стр. 6, 659398",2024-05-07
128,Наумова Назар Аркадьевна,+75776004908,klavdijaivanova@example.com,"ст. Можга, ш. Томское, д. 11, 522459",2024-07-02
129,Копылов Игорь Харитоновна,+71969315727,kirillovladimir@example.org,"ст. Белый Яр (Томск.), наб. Блюхера, д. 2/4 к. 560, 589258",2026-05-28
130,Тимофеев Ефрем Анисимович,8 799 813 64 62,lukijamihalova@example.com,"к. Верещагино (Перм.), пер. Блюхера, д. 82 к. 77, 898331",2024-07-27
131,Самойлов Фёкла Захарьевич,81166553559,mamontovaksenija@example.org,"д. Домбай, ул. Астраханская, д. 35 к. 410, 405147",2025-06-10
132,Нестеров Азарий Глебович,8 (338) 848-7920,qponomareva@example.net,"п. Билибино, алл. Поперечная, д. 270 к. 5/6, 046368",2023-11-11
133,Лыткин Лука Владиславовна,8 (123) 878-0038,marian76@example.net,"к. Нижний Тагил, бул. Дружбы, д. 58 к. 146, 325621",2025-01-23
134,Фокина Спиридон Кузьминична,83639264957,vlas_1984@example.net,"ст. Джубга, бул. Театральный, д. 3/3 к. 2, 252056",2025-03-09
135,Доронин Лазарь Петровна,+72312209949,eduardzhukov@example.org,"г. Сосновый Бор, пер. Шаумяна, д. 3, 772233",2023-07-30
136,Жданова Осип Авдеевич,+76333127975,iosif1999@example.com,"клх Мичуринск, пер. Партизанский, д. 177 к. 98, 086803",2024-09-04
137,Евсеев Потап Ефимьевич,+77264908277,molchanovsidor@example.org,"с. Псебай, пр. Восточный, д. 47 к. 2/5, 211175",2023-10-20
138,Быкова Станислав Теймуразович,8 (926) 860-2592,veronikaborisova@example.net,"к. Миллерово, ш. Подстанция, д. 3 стр. 123, 077780",2026-01-09
139,Мухин Семен Григорьевич,87767199038,jakub83@example.org,"г. Нижнекамск, алл. Спортивная, д. 6, 016224",2026-01-14
140,Исакова Вера Михайловна,89827950145,natan_16@example.net,"с. Данков, бул. Прохладный, д. 9, 833901",2025-11-13
141,Боброва Надежда Архиповна,+7 794 695 48 99,vladislav_99@example.com,"ст. Ирбит, алл. Ленина, д. 20 стр. 471, 605583",2023-06-27
142,Маслов Алла Львовна,+74144885015,nikola_99@example.org,"к. Находка, пр. Монтажников, д. 327 стр. 9/6, 608495",2025-10-19
143,Петров Терентий Глебович,85512405682,mdavidov@example.org,"клх Архыз, пр. Дальний, д. 4/6 к. 5/4, 215031",2025-04-29
144,Васильев Сильвестр Федоровна,8 (823) 578-45-21,evpraksija_1979@example.org,"с. Троицк (Челяб.), ул. Чехова, д. 691, 018409",2024-10-06
145,Константинова Алла Глебович,8 334 485 7142,irinaandreeva@example.org,"д. Нижнеудинск, наб. Поперечная, д. 44 стр. 51, 870207",2026-04-24
146,Соболев Антип Теймуразович,+7 166 299 7954,evstafi_81@example.com,"ст. Снежногорск (Мурм.), пр. Гоголя, д. 8/4, 294562",2026-05-31
147,Нестеров Виктория Тарасовна,8 770 171 5772,tatjana59@example.net,"с. Воткинск, пер. Кирпичный, д. 9 к. 7/7, 938276",2023-09-20
148,Аксенов Матвей Эдуардовна,86695832197,kapustineduard@example.com,"ст. Саянск, наб. Кольцова, д. 791, 701329",2026-02-22
149,Белякова Август Виленович,+7 (784) 699-73-35,filaret46@example.net,"д. Алапаевск, пер. 50 лет ВЛКСМ, д. 14 стр. 9, 085140",2024-06-09
150,Котова Пимен Вениаминовна,8 566 668 32 72,fedorblinov@example.com,"к. Гремячинск (Перм.), ул. Мостовая, д. 727, 126796",2026-02-02
151,Буров Дмитрий Яковлевич,8 876 532 69 09,naina1986@example.net,"д. Чебаркуль, ул. Почтовая, д. 6/2 к. 2/3, 781891",2024-06-24
152,Боброва Савва Павловна,+7 894 905 80 77,rjurik_2009@example.net,"к. Магас, алл. Парковая, д. 5 к. 379, 490471",2023-12-24
153,Степанов Силантий Станиславовна,+74294440192,nonnafomina@example.org,"с. Иркутск, ш. Спортивное, д. 2 стр. 39, 663723",2025-11-23
154,Рогова Наталья Изотович,+7 410 276 7478,natanfedoseev@example.net,"к. Долинск, ш. Демьяна Бедного, д. 747 стр. 9, 185694",2024-11-11
155,Лукин Касьян Феликсовна,+7 496 739 38 52,trofim_00@example.org,"г. Туапсе, бул. Подстанция, д. 4, 430091",2023-09-06
156,Ширяева Чеслав Григорьевич,81119269212,kuprijan71@example.net,"ст. Ростов, бул. Шевченко, д. 3 стр. 740, 504427",2023-09-25
157,Бобылева Селиверст Германович,86271286391,ljudmila1987@example.org,"г. Холмск, наб. Подстанция, д. 172 стр. 364, 690877",2025-04-17
158,Кулакова Олимпий Николаевна,+7 830 671 98 55,oleg01@example.com,"ст. Сибай, бул. Краснознаменный, д. 18 к. 4/5, 157173",2024-01-13
159,Блинов Анатолий Адрианович,83761847870,shirjaevaanastasija@example.com,"г. Каспийск, бул. Гафури, д. 49 стр. 802, 790320",2024-03-03
160,Комаров Акулина Ефремович,+7 792 911 17 99,arsenibragin@example.org,"ст. Петушки, ул. Болотная, д. 4 к. 692, 142625",2025-10-16
161,Шашков Григорий Демьянович,80219620710,borisovaanna@example.net,"клх Сортавала, алл. Ясная, д. 94 стр. 7/4, 909279",2023-10-24
162,Ларионова Агата Станиславовна,+75608331819,sinklitikija_88@example.org,"к. Белорецк, ул. Учительская, д. 8/3, 005436",2024-07-04
163,Сидорова Марк Филипповна,8 (010) 822-07-81,samsonovizmail@example.net,"с. Камышин, бул. 40 лет Победы, д. 61 стр. 41, 363179",2025-07-01
164,Брагина Аполлинарий Феодосьевич,+7 (397) 265-27-35,egor52@example.org,"п. Вытегра, пр. Правды, д. 45 к. 3, 983168",2025-07-08
165,Ершова Ермолай Харламович,8 (406) 335-69-39,uljanasamsonova@example.org,"г. Советский, ш. Дарвина, д. 768 стр. 2/8, 318063",2024-01-02
166,Капустин Мирон Демидович,+7 074 279 90 77,militsagerasimova@example.com,"ст. Ямбург, пр. Буденного, д. 546, 195085",2023-08-29
167,Комиссаров Венедикт Иосифович,8 (905) 528-18-32,izjaslav_81@example.net,"ст. Кимры, наб. Черемуховая, д. 5/1 к. 855, 881788",2024-09-06
168,Белоусова Радислав Исидорович,+7 371 162 41 12,veniamin27@example.org,"к. Пушкино (Моск.), пер. Шахтерский, д. 6/7 стр. 1/5, 103856",2025-11-24
169,Миронова Мефодий Ждановна,8 798 877 4924,ivannadanilova@example.com,"ст. Барнаул, наб. Балтийская, д. 3/3, 222231",2023-08-12
170,Захарова Лукьян Валерьянович,8 (452) 380-55-25,timur1981@example.net,"г. Пинега, ш. Безымянное, д. 6/3 к. 688, 749297",2024-11-17
171,Цветков Зинаида Олеговна,8 (028) 140-69-37,vadim_50@example.net,"ст. Лабинск, ул. Народная, д. 2/9, 375998",2023-09-05
172,Молчанов Галина Тихонович,+7 (656) 504-55-47,bojan_1984@example.net,"ст. Саров (Морд.), алл. Новостройка, д. 3/2 к. 53, 851961",2023-06-20
173,Антонова Осип Егорович,8 287 923 26 48,andronik2025@example.com,"д. Сладково, ул. Центральная, д. 54, 146273",2023-07-24
174,Жданова Виссарион Елизарович,8 (195) 979-64-71,solomon_90@example.com,"п. Моршанск, бул. Театральный, д. 3 к. 745, 044818",2024-04-06
175,Матвеева Тамара Гавриилович,+7 928 554 45 18,gavrila_02@example.net,"ст. Стрежевой, наб. Тополиная, д. 932 к. 93, 671120",2025-06-23
176,Ефремов Милен Львовна,8 279 852 4013,veronikapahomova@example.org,"п. Гудермес, пр. Боровой, д. 707, 310890",2025-06-07
177,Одинцова Викторин Димитриевич,+7 140 119 3932,alekse_12@example.net,"к. Железногорск(Курск.), ш. Тульское, д. 119 стр. 53, 801387",2024-12-30
178,Медведева Ия Гаврилович,8 (125) 663-83-61,vladilen_71@example.net,"ст. Новочеркасск, наб. Дорожная, д. 257 стр. 5/8, 738646",2024-03-29
179,Авдеева Архип Феликсовна,8 (520) 716-78-11,marfavlasova@example.net,"г. Ногинск (Моск.), наб. Путейская, д. 2/4, 749946",2024-12-14
180,Ефимова Савелий Викторовна,8 784 271 14 77,vsevolodnovikov@example.org,"с. Арзамас, пр. Энгельса, д. 24, 877347",2025-07-10
181,Галкин Силантий Аскольдовна,8 880 061 6756,rodion1972@example.org,"клх Забайкальск, пр. Элеваторный, д. 7 к. 2/8, 782806",2024-07-23
182,Ершова Серафим Матвеевич,85450090255,fadeevalukija@example.com,"к. Новомосковск, наб. Весенняя, д. 43 к. 2, 415208",2024-10-28
183,Русаков Андрей Игоревна,8 986 407 90 56,kjudin@example.org,"клх Карачаевск, пр. Р.Люксембург, д. 3 к. 6, 371834",2024-07-25
184,Кириллов Анисим Борисовна,8 391 919 54 19,saveli_1999@example.org,"клх Махачкала, ш. Чкалова, д. 9/6 стр. 76, 987820",2026-02-09
185,Павлова Ксения Гаврилович,87374896908,mihailsuvorov@example.org,"клх Малгобек, пр. 8 Марта, д. 536 к. 3, 936312",2024-04-03
186,Емельянов Алексей Федоровна,+77786603242,osipovairina@example.net,"клх Ступино, ул. Народная, д. 5, 651623",2023-11-30
187,Горшкова Филимон Юлианович,+7 898 471 39 15,foti_63@example.com,"г. Игарка, наб. Щетинкина, д. 5/1, 851586",2025-06-16
188,Горшков Елена Елисеевич,+7 (575) 409-00-34,nestor_1991@example.net,"д. Ковров, пр. Октябрьский, д. 5/5 к. 434, 756041",2025-07-12
189,Чернова Савва Фадеевич,8 612 481 5698,radovan_00@example.net,"ст. Дербент, пр. Крымский, д. 6, 123829",2026-05-10
190,Кошелева Остап Жоресович,8 (724) 295-43-16,dobromisl_66@example.net,"г. Усть-Ордынский, пер. Курганный, д. 573 стр. 70, 942152",2025-11-07
191,Новиков Викторин Никифоровна,8 (677) 133-3447,bosipov@example.org,"клх Калач-на-Дону, алл. Глинки, д. 50 к. 4, 359710",2025-06-07
192,Комиссарова Всеволод Захарьевич,8 366 941 18 00,izmail_75@example.net,"к. Темрюк, пр. Дружбы, д. 6/3 стр. 592, 875721",2024-10-14
193,Михайлова Лора Феликсович,+7 (415) 027-45-64,juli48@example.com,"к. Сухиничи, пер. Щетинкина, д. 132, 207427",2025-04-17
194,Авдеева Виктор Эдгарович,+7 758 777 1215,ershovkondrati@example.org,"д. Черняховск, пер. Новый, д. 26, 715041",2025-02-11
195,Ершова Мстислав Борисович,8 201 777 4905,lapinajulija@example.com,"п. Батайск, наб. Энергетиков, д. 718 стр. 364, 610326",2025-02-24
196,Филиппова Кондратий Рубеновна,+7 (147) 649-25-15,evstigne_2003@example.com,"к. Уэлен, пр. Революционный, д. 6/3 стр. 7/2, 857327",2025-09-06
197,Филиппова Агафья Андреевна,+7 476 174 22 43,parfen_1990@example.net,"г. Токма, пер. Шмидта, д. 2/8, 549180",2023-12-03
198,Коновалова Оксана Фомич,+7 (260) 164-59-77,matve23@example.org,"ст. Воскресенск, пер. Пролетарский, д. 161 к. 87, 974995",2026-05-17
199,Селиверстова Евгения Львовна,8 412 203 10 30,svetozarkulagin@example.org,"ст. Ялуторовск, алл. Дальняя, д. 8 стр. 77, 122777",2023-07-10
200,Григорьева Радим Демьянович,+7 (496) 050-1667,kornil_1972@example.com,"д. Чокурдах, пер. Советов, д. 90 стр. 669, 467179",2026-03-09
201,Самсонов Милан Матвеевна,8 024 375 73 83,erast_72@example.com,"ст. Новосибирск, ш. Алтайское, д. 24 к. 3/3, 297167",2024-09-23
202,Гаврилов Измаил Анатольевна,+7 054 522 8015,ndanilov@example.org,"с. Красноярск, ш. Крылова, д. 384 к. 807, 199180",2025-08-06
203,Миронов Василий Дмитриевна,+7 352 478 71 25,vseslav_13@example.com,"п. Соль-Илецк, наб. З.Космодемьянской, д. 51 к. 7, 328632",2025-04-06
204,Самойлова Остромир Устинович,8 (850) 720-81-15,oleg_26@example.org,"клх Ейск, ул. Калинина, д. 7/9 стр. 6, 048926",2025-05-03
205,Тихонов Ангелина Альбертовна,89756341085,umuhina@example.net,"п. Вилюйск, пер. Труда, д. 3 стр. 508, 468105",2024-07-17
206,Петрова Агата Ильич,+7 017 490 75 39,cheslav_1985@example.com,"клх Хоста, алл. Репина, д. 61 стр. 85, 266110",2025-03-31
207,Селиверстов Владислав Гордеевич,8 (158) 698-86-49,aleksandra1998@example.com,"ст. Жигулевск, пер. Полярный, д. 8/3, 377028",2025-01-03
208,Данилова Викторин Устинович,+7 159 408 21 54,lazar_47@example.org,"ст. Чикола, ул. Маяковского, д. 4 к. 17, 851067",2025-11-16
209,Степанова Леонид Филимонович,8 679 228 7772,bronislav_99@example.com,"с. Невельск, ул. Азина, д. 2 стр. 50, 813989",2023-08-31
210,Виноградова Филарет Геннадиевич,8 (801) 820-43-39,borislav2024@example.net,"д. Балтийск, ш. Солнечное, д. 7 к. 16, 641118",2024-02-26
211,Дмитриев Конон Гавриилович,+71246209520,petuhovamarija@example.org,"с. Муравленко, пр. Киевский, д. 433 к. 9/9, 140578",2025-03-03
212,Меркушев Артемий Аксёнович,8 304 891 38 24,frozhkov@example.net,"к. Ульяновск, ш. Высоковольтное, д. 9/8, 079420",2023-09-11
213,Некрасов Светозар Валериевна,+76539840289,petuhovbronislav@example.com,"клх Усть-Кулом, пр. Союзный, д. 6 к. 8, 355379",2024-11-01
214,Якушева Аггей Макаровна,+7 (097) 002-68-76,boleslav_2023@example.net,"ст. Саянск, ул. К.Маркса, д. 6/7 стр. 20, 537030",2024-08-19
215,Князева Екатерина Мироновна,8 319 433 7504,ksenija2018@example.net,"п. Пенза, ш. Литейное, д. 3/9, 999219",2023-12-26
216,Титов Олимпиада Валерьянович,+79384308948,avde1999@example.net,"с. Плесецк, ул. Ульянова, д. 6/9 к. 530, 875063",2024-11-10
217,Шарова Болеслав Борисовна,+7 361 332 5411,arhipovanina@example.org,"п. Всеволожск, алл. 50 лет Октября, д. 458 к. 899, 791100",2025-01-16
218,Брагина Лонгин Макаровна,+7 207 049 61 10,antonin_1990@example.com,"д. Приморско-Ахтарск, ш. Комсомольское, д. 7/8, 991507",2025-08-21
219,Лазарева Максим Георгиевич,+7 109 193 92 84,pantelemon_79@example.com,"п. Балашов, алл. Труда, д. 9/6, 982274",2026-01-02
220,Логинов Мефодий Исидорович,+7 892 038 8065,evstignekabanov@example.org,"п. Сортавала, бул. Павлика Морозова, д. 6 стр. 7, 217073",2023-06-15
221,Третьяков Алла Макаровна,+7 (793) 375-6362,denisovaagafja@example.org,"д. Галич, наб. Щетинкина, д. 69, 033423",2024-07-21
222,Шестаков Маргарита Игоревич,8 (323) 024-1026,shirjaevepifan@example.com,"к. Объячево, алл. Блюхера, д. 312 стр. 93, 559630",2026-01-21
223,Мельников Фрол Антоновна,+72530428973,sharovrjurik@example.net,"д. Осташков, ш. Грибоедова, д. 9/8 стр. 65, 774969",2026-03-15
224,Аксенов Анатолий Гурьевич,+7 (736) 346-6925,uljan12@example.org,"д. Нижний Тагил, пер. Дачный, д. 9/6, 776657",2024-10-14
225,Фадеев Ким Адрианович,+7 (734) 151-48-88,ustinovkirill@example.org,"г. Новосибирск, пер. Путейский, д. 4, 444392",2025-09-30
226,Соколов Казимир Сергеевна,+74566907826,zosimavladimirov@example.net,"п. Томари, ш. Семашко, д. 6/2 стр. 4, 637780",2025-01-12
227,Борисова Вышеслав Валерьянович,+70755366684,frol_09@example.org,"к. Хасан, ш. Черняховского, д. 4/7 стр. 486, 159741",2024-03-02
228,Давыдова Василий Афанасьевна,+7 (097) 023-16-43,kuzmaprohorov@example.net,"г. Нягань, ул. Ярославская, д. 7 стр. 3/2, 867163",2023-12-28
229,Орехов Елисей Феликсович,8 (299) 493-87-43,baranovanonna@example.org,"д. Мыс Шмидта, пр. Бажова, д. 1/2 стр. 8, 469263",2024-03-14
230,Емельянова Ян Феликсович,8 (629) 160-32-48,galina13@example.com,"к. Бузулук, пер. 40 лет Победы, д. 8/3, 380701",2026-02-26
231,Давыдова Ираида Робертовна,8 (656) 360-04-12,darja_77@example.com,"д. Королев, пр. Казачий, д. 5/3 стр. 20, 418621",2026-04-17
232,Лебедев София Кузьминична,+72752308370,anastasija_2015@example.net,"клх Миасс, ул. Новая, д. 463 к. 4, 106005",2024-04-03
233,Денисова Екатерина Арсенович,+7 (122) 068-1558,jaropolknikitin@example.net,"г. Кирово-Чепецк, ул. 70 лет Октября, д. 3, 650637",2024-05-16
234,Ширяева Артемий Эдуардовна,+79501364971,filaret_1981@example.com,"клх Осташков, ш. Запрудное, д. 3 стр. 8, 509976",2025-08-11
235,Селезнева Алла Даниилович,8 (903) 091-4363,semenovvseslav@example.com,"п. Екатеринбург, алл. Почтовая, д. 89 к. 3, 508640",2024-05-30
236,Нестеров Наталья Измаилович,+7 (380) 339-6852,agafja1970@example.org,"п. Беломорск, алл. Логовая, д. 31 стр. 93, 674233",2025-03-29
237,Фролова Демьян Денисович,+74973471566,olimpiadabikova@example.com,"ст. Старая Русса, ш. Революции, д. 2/5, 824674",2025-05-14
238,Ситников Кондратий Артемовна,87152732300,nadezhda_2019@example.com,"с. Певек, наб. Серова, д. 5/2 стр. 1/2, 923645",2025-08-09
239,Смирнова Лора Евгеньевна,8 066 337 0502,ernest72@example.com,"г. Гдов, бул. Серова, д. 2/9, 626448",2025-09-15
240,Евсеева Василиса Тарасович,84611952436,averjan27@example.org,"ст. Пушкинские Горы, пр. Рязанский, д. 3/3 стр. 3, 372817",2025-11-06
241,Давыдов Еремей Германович,+7 234 679 1214,melnikovvladilen@example.com,"г. Черняховск, пр. Водников, д. 500, 901380",2025-01-13
242,Голубева Эраст Романовна,+77759655553,viktorija_66@example.net,"ст. Набережные Челны, ул. Иванова, д. 3/1, 843579",2026-05-10
243,Фадеева Василиса Харламович,8 (630) 505-0573,nifont2020@example.net,"с. Сортавала, ш. Сиреневое, д. 5/4 стр. 98, 271487",2024-02-26
244,Тетерина Прокофий Валентинович,8 (833) 321-16-02,nestor_43@example.net,"клх Горячинск, алл. Победа, д. 253 стр. 7, 863341",2024-09-04
245,Цветков Боян Афанасьевич,8 931 952 5690,arkadi98@example.org,"к. Ноглики, ш. Подлесное, д. 71 стр. 687, 437729",2024-08-23
246,Михеева Галактион Кирилловна,+7 954 814 9737,ksenija60@example.com,"ст. Кимры, бул. Интернациональный, д. 77 стр. 3, 865675",2025-02-06
247,Баранов Никифор Архиповна,+74386125904,valerija1981@example.net,"клх Старый Оскол, алл. Санаторная, д. 13 к. 2, 662015",2025-06-15
248,Сысоева Денис Антипович,+7 859 626 30 13,tsmirnova@example.net,"ст. Верхний Уфалей, ш. Кошевого, д. 8 к. 1, 111783",2023-07-15
249,Романова Фрол Борисовна,8 (419) 267-64-92,bolshakovarseni@example.net,"ст. Андреаполь, пер. Восьмого Марта, д. 989 к. 331, 087510",2023-12-27
250,Тихонов Фирс Ивановна,+7 (184) 011-84-58,nataljafokina@example.net,"к. Баргузин, ш. Кирова, д. 3/8 стр. 9, 988310",2024-06-12
251,Мельников Анатолий Викторович,+73298395429,jalekseev@example.com,"клх Жуковский, пр. Народный, д. 7 к. 48, 435989",2024-02-19
252,Харитонова Панкрат Витальевич,8 660 931 4181,orest_1974@example.com,"к. Кущевская, ш. Космическое, д. 1, 636112",2025-09-04
253,Носова Милица Ефремович,87185948491,romanovalarisa@example.com,"ст. Тутончаны, пер. Шолохова, д. 3/5 стр. 382, 694053",2026-04-28
254,Дьячков Ювеналий Максимовна,8 (275) 784-46-83,aleksandra14@example.com,"клх Валаам, бул. Ставропольский, д. 129, 487068",2024-01-07
255,Соколова Самуил Якубович,8 (160) 930-6853,elizaveta_2011@example.org,"клх Троицко-Печорск, алл. Линейная, д. 3, 067625",2023-12-02
256,Якушева Мартьян Кузьминична,+7 (814) 474-4309,tkudrjashov@example.net,"д. Сузун, наб. Лесная, д. 6/5, 105265",2023-06-23
257,Самойлов Варлаам Эдгардович,+7 (188) 261-7024,rjurikafanasev@example.com,"с. Истра, ш. Угольное, д. 377 стр. 75, 531340",2024-01-03
258,Одинцов Николай Петровна,8 023 741 6787,lidijasitnikova@example.com,"г. Всеволожск, алл. Прудовая, д. 9, 305690",2025-04-14
259,Савин Самуил Еремеевич,8 (163) 928-23-41,kira36@example.org,"клх Тверь, алл. Севастопольская, д. 23 стр. 16, 326093",2023-10-29
260,Мишин Антонин Устинович,8 (433) 567-0860,venedikt45@example.com,"п. Моршанск, алл. Дорожная, д. 405, 749162",2024-07-05
261,Артемьев Селиверст Игнатьевич,+71108255598,izot_43@example.net,"г. Гудермес, бул. Киевский, д. 493 стр. 2/2, 473820",2023-12-25
262,Дьячков Евдоким Аркадьевна,+78557161768,azari_1981@example.net,"к. Балтийск, ул. Окружная, д. 8/9 стр. 927, 866943",2024-03-21
263,Филиппов Авдей Борисовна,+7 (908) 788-4434,ustin12@example.org,"к. Аша, алл. Литейная, д. 14 стр. 93, 059551",2026-06-09
264,Лобанов Ульян Ниловна,+7 (694) 500-53-42,agge89@example.org,"ст. Ялуторовск, пер. Ясный, д. 4/6 стр. 4, 273652",2025-06-23
265,Попова Вадим Гавриилович,8 (223) 972-40-42,marfazimina@example.net,"п. Бронницы, алл. Смирнова, д. 2/9 к. 20, 601002",2024-06-29
266,Сергеев Ульяна Евстигнеевич,+7 (900) 185-13-27,gremislav1990@example.com,"п. Белый Яр (Томск.), бул. Черемуховый, д. 200 стр. 2, 203036",2025-01-28
267,Крюков Гедеон Ивановна,+73617213145,gorbachevmarian@example.org,"г. Шенкурск, алл. Панфилова, д. 3, 249451",2024-08-04
268,Коновалова Сигизмунд Исидорович,+71022526771,ignatevparfen@example.net,"г. Мостовской, алл. Добролюбова, д. 6, 676952",2026-03-21
269,Комиссаров Иннокентий Федосеевич,8 (788) 788-3619,kvorobeva@example.net,"п. Новый Оскол, алл. Северная, д. 9, 210552",2024-09-09
270,Дмитриев Родион Афанасьевна,8 333 021 26 06,apollinari_19@example.org,"г. Домодедово, алл. Крестьянская, д. 11 к. 3/3, 284765",2025-04-29
271,Веселова Юлия Макаровна,+7 412 009 2820,bpahomova@example.net,"д. Таштагол, бул. Моховой, д. 3/5 к. 386, 690362",2025-10-25
272,Крюкова Эрнест Артемьевич,8 (756) 620-56-34,orlovbazhen@example.com,"п. Лесной (Сверд.), пер. Загородный, д. 139, 383034",2023-10-20
273,Степанова Филарет Андреевич,87005140546,evlampi_1991@example.com,"клх Владимир, пр. Толбухина, д. 182 к. 8/1, 227113",2024-05-09
274,Суханова Екатерина Викторович,+7 (889) 857-25-45,tfedorov@example.net,"п. Щелково, ул. Амурская, д. 2/1 стр. 94, 717524",2024-02-15
275,Шилов Артем Вадимовна,8 511 274 7472,litkinfilaret@example.com,"ст. Луга, пр. Карьерный, д. 6/9 к. 6, 687409",2026-03-06
276,Селезнева Арефий Тимофеевна,+7 (802) 146-2961,nikanoruvarov@example.com,"с. Снежногорск (Мурм.), пер. Вавилова, д. 212 стр. 7/4, 515597",2024-05-05
277,Селезнева Клавдия Харламович,+7 470 827 23 59,moiseevamarina@example.org,"с. Катайск, алл. Солнечная, д. 5/5, 121461",2024-09-15
278,Лихачев Лукия Федосеевич,8 (342) 016-5423,pankrat_77@example.net,"к. Холмогоры, ш. Комсомольское, д. 31 к. 6, 272751",2026-04-21
279,Назаров Орест Александровна,+7 727 910 3368,feklamelnikova@example.org,"п. Чебаркуль, наб. Жданова, д. 944, 776655",2025-09-29
280,Виноградова Парфен Рудольфовна,8 127 652 8928,sfadeev@example.net,"клх Юровск, ул. Крайняя, д. 709, 798178",2025-11-28
281,Ефимова Амос Ермолаевич,8 337 861 37 15,ostromir2025@example.net,"к. Кизляр, наб. Флотская, д. 5 стр. 4/1, 000258",2025-12-27
282,Агафонов Лукьян Власович,86386396096,marijaartemeva@example.org,"д. Ершов, алл. Песочная, д. 28 к. 5/9, 531106",2023-06-27
283,Воронцова Агата Вениаминовна,+7 (098) 196-02-75,zhannalapina@example.org,"д. Кострома, ш. Циолковского, д. 1 стр. 2, 091179",2023-12-17
284,Бобров Вацлав Еремеевич,+72117536170,fkulikov@example.net,"клх Пятигорск, наб. Курчатова, д. 52 к. 129, 557998",2023-06-17
285,Виноградова Гордей Павловна,+71390808823,vikenti_30@example.com,"г. Грозный, наб. Невского, д. 61 к. 8, 686342",2024-04-12
286,Терентьева Жанна Никифоровна,+76199423767,vrjabova@example.com,"д. Орел, алл. К.Маркса, д. 2 к. 3/1, 964985",2025-02-17
287,Данилов Амвросий Гавриилович,8 625 313 5525,kuznetsovluchezar@example.net,"п. Смирных, ш. Космонавтов, д. 28 стр. 5/4, 184919",2026-03-09
288,Колесникова Пантелеймон Руслановна,8 553 307 70 46,ilinradislav@example.org,"п. Чебаркуль, наб. Пролетарская, д. 374, 088050",2023-09-25
289,Пономарев Рюрик Яковлевна,8 445 561 85 79,karpovaklavdija@example.net,"ст. Городовиковск, пер. Пушкинский, д. 130 к. 61, 321358",2023-06-17
290,Мишина Зинаида Антипович,+70104145964,veraloginova@example.com,"к. Дубна, ш. Красных Партизан, д. 2/9 стр. 89, 457314",2024-09-12
291,Сергеев Лукия Ильич,8 (331) 170-3037,fmelnikov@example.org,"ст. Чита, пер. Комарова, д. 8 стр. 28, 356798",2024-04-20
292,Лаврентьев Эмилия Геннадиевич,+7 462 491 27 11,aggerozhkov@example.com,"г. Сортавала, пер. Докучаева, д. 5 стр. 681, 326868",2024-11-09
293,Бобылев Аполлинарий Егорович,8 106 634 3629,taras97@example.net,"клх Белогорск (Амур.), алл. Заозерная, д. 11 стр. 494, 814396",2025-02-07
294,Медведев Никодим Гурьевич,+77323549401,praskovjaburova@example.net,"ст. Коломна, наб. Ленинская, д. 62, 207650",2024-03-11
295,Устинова Капитон Артемьевич,+7 (095) 790-73-71,zikovaakulina@example.net,"д. Теберда, ш. Братское, д. 614, 758474",2024-12-26
296,Козлов Ратмир Юрьевна,8 458 971 4802,ozinoveva@example.net,"с. Архангельск, пер. Автомобилистов, д. 4, 361487",2025-09-05
297,Лобанов Демид Кузьминична,8 569 644 3098,juli_16@example.com,"г. Алапаевск, бул. Братский, д. 3/9 к. 9, 474140",2025-05-15
298,Кудряшов Андрон Еремеевич,81074065004,ljubovshashkova@example.com,"клх Курумкан, бул. Курортный, д. 2/5, 075366",2025-02-19
299,Корнилова Валерьян Дорофеевич,+79429659234,nainazhdanova@example.org,"г. Макаров, бул. Кочубея, д. 76 стр. 828, 857567",2025-03-24
300,Стрелков Остап Аксёнович,8 (061) 294-3985,julijanekrasova@example.net,"ст. Палана, пр. Лесный, д. 9/8, 104159",2023-11-08
301,Степанова Корнил Харлампьевич,8 019 803 8287,elenasamsonova@example.net,"клх Минусинск, ул. Водников, д. 21 стр. 229, 331708",2025-04-29
302,Макаров Никифор Валерьевич,+76723849791,okalinin@example.org,"ст. Комсомольск-на-Амуре, пер. Путейский, д. 8/5, 197546",2025-01-29
303,Ефремова Ия Борисович,8 (662) 047-19-60,anani97@example.org,"с. Серпухов, ул. Аэродромная, д. 9 к. 95, 812259",2024-11-18
304,Панова Родион Тарасовна,+7 (446) 176-79-29,fekla_2014@example.net,"клх Муравленко, пер. Тельмана, д. 2/1 стр. 223, 775331",2024-03-06
305,Константинова Милица Теймуразович,8 109 410 17 59,strelkovadarja@example.com,"с. Далматово, пер. Крымский, д. 84 стр. 5/4, 268319",2023-07-17
306,Фокина Агафья Кузьминична,+7 302 056 98 15,svetlanachernova@example.org,"д. Нижний Тагил, пер. Придорожный, д. 776 к. 391, 117309",2025-09-26
307,Соловьев Максимильян Давидович,+74651241893,julian_2004@example.com,"д. Вытегра, пр. Механический, д. 705 стр. 4, 023850",2024-06-10
308,Куликов Семен Филипповна,89051699187,iraidavladimirova@example.org,"с. Терскол, бул. Котовского, д. 8/5, 000389",2025-01-19
309,Карпова Елена Оскаровна,+7 870 662 6682,bikovviktorin@example.net,"п. Нерчинск, ул. Ручейная, д. 11 к. 96, 030102",2025-04-21
310,Воронцов Дмитрий Андреевич,8 593 429 6711,maksimovtihon@example.org,"ст. Кетченеры, бул. Дружбы, д. 9 к. 4, 588105",2025-03-09
311,Стрелкова Лариса Григорьевна,8 (413) 283-48-31,marfa_20@example.org,"г. Анива, ш. Озерное, д. 5 к. 5/2, 496706",2025-01-27
312,Беляев Прокл Давидович,+7 (626) 804-0850,kallistrat_93@example.org,"ст. Ростов, бул. Коммунальный, д. 586 стр. 7/9, 267320",2024-08-19
313,Стрелкова Елена Елизарович,+7 384 596 09 45,vasilisa49@example.org,"д. Москва, ш. Республиканское, д. 8/1 к. 1/8, 578360",2025-11-26
314,Жданов Богдан Геннадиевна,8 (517) 244-4723,veronikauvarova@example.net,"г. Ачхой Мартан, бул. 1 Мая, д. 6/1, 044058",2023-08-18
315,Воронов Эмиль Иларионович,+7 187 181 33 59,ekaterina_61@example.net,"п. Аргаяш, пер. Терешковой, д. 7 к. 8, 902504",2024-01-29
316,Зайцев Харлампий Борисович,83588953690,marinafadeeva@example.net,"п. Хабаровск, пер. Правды, д. 880 стр. 6/5, 943535",2024-06-02
317,Евдокимов Ратибор Робертовна,+7 376 515 88 15,ernest1985@example.com,"д. Гремячинск (Перм.), алл. Макаренко, д. 59 стр. 6, 116682",2025-11-20
318,Дмитриева Серафим Сергеевна,+7 (270) 216-4871,aleksandrashchukina@example.com,"г. Дагомыс, ш. Коминтерна, д. 6/3 стр. 9/4, 155999",2023-11-24
319,Тарасов Марина Артёмович,8 767 647 2298,alekseevaverjan@example.net,"с. Москва, алл. Тукая, д. 2 к. 84, 098898",2025-04-02
320,Юдин Конон Теймуразович,8 220 368 4995,konovalovkondrati@example.org,"к. Суздаль, алл. Краснодарская, д. 5 к. 334, 388209",2023-08-10
321,Комарова Тимур Федоровна,+7 (070) 534-9678,oksanaanisimova@example.org,"с. Сыктывкар, ул. Болотная, д. 2 к. 2, 152854",2025-05-14
322,Горшкова Агафья Якубович,+7 506 185 38 00,vseslavsafonov@example.com,"к. Советский, пр. Технический, д. 5/3, 183061",2025-07-11
323,Николаева Федосий Глебович,+7 (064) 969-35-78,klavdijaodintsova@example.org,"с. Ясный (Оренб.), пер. 70 лет Октября, д. 5/2 к. 51, 753612",2025-05-31
324,Коновалова Лучезар Валентинович,8 627 796 3044,ermola_2023@example.com,"к. Мончегорск, пр. Щербакова, д. 7/5 к. 447, 047639",2024-02-23
325,Тихонов Терентий Семеновна,+7 995 298 00 61,milovan_81@example.net,"к. Тюмень, алл. Димитрова, д. 34, 563830",2023-08-05
326,Лукина Адриан Андреевна,+7 867 024 40 33,dorofeevavarvara@example.com,"ст. Куртамыш, ул. Уральская, д. 1/1, 196394",2024-10-24
327,Васильева Парамон Петровна,+7 447 314 9764,ogerasimov@example.com,"к. Тында, алл. Кошевого, д. 676 стр. 173, 375791",2026-03-04
328,Харитонов Леонтий Викторович,+7 182 379 31 26,stanimir2019@example.net,"ст. Сыктывкар, пр. Чехова, д. 3 к. 759, 438787",2024-10-08
329,Воронов Антонина Захарьевич,8 (788) 116-16-20,reginadementeva@example.org,"с. Гагарин, пр. Мая 1, д. 88, 866041",2025-04-16
330,Суворова Куприян Кузьминична,+78595922483,spartak_94@example.com,"к. Двинской, пер. Монтажников, д. 356, 710433",2026-05-23
331,Комарова Валентин Фокич,8 109 792 1583,agata_03@example.com,"д. Мелеуз, пер. Шолохова, д. 9 к. 31, 342491",2023-12-23
332,Лазарева Станимир Ждановна,8 599 949 73 20,ermolatarasov@example.net,"п. Сорочинск, наб. Сибирская, д. 828, 754813",2025-10-27
333,Симонов Никодим Степановна,8 754 858 19 32,lukija26@example.net,"клх Красновишерск, ул. Демьяна Бедного, д. 3 стр. 657, 398365",2024-03-14
334,Лебедев Ольга Герасимович,8 (583) 094-51-54,agap_2011@example.com,"клх Сосьва (Хант.), ул. Прудная, д. 1 к. 879, 278105",2023-07-24
335,Корнилова Юлий Натановна,+7 (221) 610-70-51,klavdi_1983@example.net,"ст. Мокшан, алл. Осипенко, д. 166 стр. 338, 127049",2024-04-13
336,Морозова Зинаида Устинович,+7 (044) 851-57-91,bronislav1977@example.org,"п. Мончегорск, бул. Южный, д. 40 стр. 8, 343240",2025-01-19
337,Дроздов Лариса Вячеславович,+72956334324,ija74@example.org,"д. Ногинск (Моск.), ш. Химиков, д. 70 к. 48, 543588",2024-07-31
338,Васильева Будимир Сергеевна,+7 (437) 401-8272,frol1991@example.com,"к. Воронеж, наб. Октябрьская, д. 86 стр. 6, 254278",2024-03-25
339,Соловьев Прасковья Феоктистович,87996673459,svjatopolk_64@example.org,"с. Россошь, пер. Юности, д. 328 к. 9, 922501",2024-10-02
340,Бобров Тамара Феликсовна,8 762 702 3244,gerasimovizmail@example.org,"клх Костомукша, бул. Грибоедова, д. 672, 786376",2025-05-29
341,Мартынов Лариса Рудольфовна,+7 625 265 46 96,askold_1993@example.com,"д. Избербаш, наб. Коммунаров, д. 9, 996132",2025-07-25
342,Беляев Евгений Гордеевич,+76156262446,anani1987@example.com,"с. Томпа, пр. Нижний, д. 2, 025298",2025-01-26
343,Буров Жанна Августович,8 (660) 464-19-78,emilija_75@example.net,"ст. Инта, пер. Пархоменко, д. 620 к. 4, 607401",2025-07-09
344,Гурьев Родион Анисимович,85465408424,pankrati_07@example.com,"д. Вязьма, бул. Подгорный, д. 4/3 к. 381, 764579",2024-06-23
345,Харитонова Наталья Андреевна,87015502916,marfa_1975@example.com,"с. Апатиты, бул. Иркутский, д. 461, 498830",2025-01-11
346,Блохин Филипп Григорьевич,8 424 809 62 44,isakovaevfrosinija@example.org,"к. Курганинск, пер. Карла Маркса, д. 133 к. 4, 949796",2026-02-20
347,Прохоров Чеслав Аскольдовна,8 780 555 57 27,epifan2006@example.net,"к. Печенга, бул. Крестьянский, д. 9/6, 385445",2025-05-11
348,Колобов Евдокия Аксёнович,+7 (992) 959-66-04,oktjabrina_2003@example.org,"с. Шереметьево, ул. Димитрова, д. 23, 226865",2024-05-13
349,Шарапова Панкрат Валериевна,+75515888636,regina2001@example.com,"ст. Ижевск, наб. Школьная, д. 8 к. 71, 663093",2024-01-11
350,Белоусова Юлиан Юлианович,+7 996 059 32 97,seliverstovmoise@example.org,"ст. Жиганск, наб. Ставропольская, д. 47 к. 3, 103977",2024-06-24
351,Данилова Елизавета Феофанович,+7 (278) 195-2371,dementevaaleksandra@example.net,"ст. Орехово-Зуево, ш. Марта 8, д. 9, 980770",2024-09-07
352,Федосеева Никон Юльевна,+7 568 761 1249,molchanovdavid@example.com,"п. Королев, алл. Путевая, д. 851 к. 4/5, 475749",2024-08-10
353,Богданов Чеслав Романовна,+7 (284) 035-95-44,tatjanakalashnikova@example.com,"клх Магас, бул. Раздольный, д. 59, 430394",2024-01-26
354,Козлов Фотий Дорофеевич,8 886 792 5298,stanimir_56@example.com,"п. Стерлитамак, ул. Ключевая, д. 4 к. 4, 249135",2025-07-23
355,Сорокина Родион Егоровна,+7 833 506 1581,fade88@example.org,"д. Троицк (Моск.), алл. Таманская, д. 43, 209484",2023-10-29
356,Щербаков Октябрина Олеговна,+7 284 033 39 97,valerjan2006@example.org,"п. Сосногорск, пр. Народный, д. 4/2, 974909",2025-04-07
357,Суворова Вениамин Феофанович,+7 (997) 046-9472,silvestr_78@example.com,"ст. Тутончаны, наб. Прохладная, д. 8, 270587",2025-07-19
358,Ефимов Гремислав Арсенович,8 417 582 31 33,sidor45@example.net,"клх Малгобек, алл. Поселковая, д. 3 стр. 36, 925879",2025-03-18
359,Мухина Эмилия Евстигнеевич,+7 (474) 524-5557,paramon96@example.com,"г. Поронайск, бул. Казачий, д. 5/1 к. 53, 505665",2025-10-23
360,Овчинникова Федот Германович,+7 (987) 411-3257,anikita2023@example.net,"п. Лагань, пер. Менделеева, д. 610 стр. 9, 741721",2024-10-26
361,Емельянова Феврония Фадеевич,+7 (294) 938-17-35,sofija_2014@example.com,"п. Борзя, бул. Матросова, д. 8 стр. 62, 375534",2024-07-10
362,Михеева Эрнест Адамович,+7 (166) 670-80-85,vorontsovanina@example.org,"к. Цимлянск, бул. Ленинградский, д. 991 к. 982, 979316",2024-08-13
363,Лихачев Рубен Павловна,+7 (512) 957-86-06,averjan96@example.org,"к. Ростов, наб. Главная, д. 9, 395923",2024-01-26
364,Горбачев Елисей Гавриилович,+7 089 028 51 55,emeljanmedvedev@example.com,"к. Кировск (Мурм.), ш. Крылова, д. 227, 073607",2025-04-21
365,Афанасьев Нифонт Гертрудович,8 911 289 81 23,subbotinselivan@example.net,"с. Калевала, ул. 9 мая, д. 8, 817006",2025-03-23
366,Блохина Нифонт Бориславович,8 541 643 1670,nadezhda50@example.org,"д. Алдан, пер. Прудовой, д. 17, 934596",2024-02-09
367,Коновалов Панкрат Всеволодович,8 (225) 120-7346,kapiton_95@example.org,"г. Советский, бул. Средний, д. 1/9, 982210",2024-12-02
368,Герасимов Захар Федосеевич,+7 177 687 29 04,rjurik1987@example.org,"д. Владикавказ, пр. Привольный, д. 93 к. 42, 164913",2024-05-26
369,Фомин Ипатий Николаевна,+75798894256,vera_29@example.net,"клх Батайск, алл. Луговая, д. 40, 650977",2024-11-25
370,Матвеева Евгений Эльдаровна,86737948714,martin_1992@example.org,"ст. Сузун, пр. Гаражный, д. 9 стр. 2, 608213",2025-05-20
371,Журавлев Венедикт Аркадьевна,+72547681826,evlampi_1979@example.net,"п. Новгород Великий, пер. Деповский, д. 985 стр. 38, 212932",2025-09-27
372,Якушев Юлиан Германович,+70646867752,avgust14@example.net,"клх Элиста, ул. Привокзальная, д. 3/3 стр. 3/4, 266933",2024-12-05
373,Савельев Аскольд Елизарович,+7 (619) 237-24-50,galkinleonti@example.net,"п. Самара, ш. Свободное, д. 3/2 к. 5, 641769",2024-02-26
374,Исакова Лора Тимуровна,8 (438) 119-95-37,dodintsov@example.net,"ст. Кыштым, бул. Тукая, д. 7 к. 6, 017397",2024-05-18
375,Беспалов Харлампий Кирилловна,+71789969860,kapustinvalerjan@example.net,"ст. Коломна, пер. 60 лет СССР, д. 1/6 к. 8/9, 660392",2023-07-17
376,Фомичева Агафья Игнатович,+7 460 745 55 34,anisim1992@example.com,"п. Усть-Ордынский, бул. Космонавтов, д. 6/3 стр. 2/6, 983541",2023-10-28
377,Корнилов Алла Жанович,87263475575,glafiramarkova@example.org,"д. Минеральные Воды, бул. Чапаева, д. 26 стр. 21, 425856",2024-01-02
378,Никитин Никандр Оскаровна,+79915370382,aleksandr73@example.net,"п. Саранск, ш. Полтавское, д. 50 стр. 80, 688936",2024-03-25
379,Герасимова Спартак Трифонович,86454655358,bazhen_25@example.net,"г. Терскол, пр. Матросова, д. 693 стр. 57, 797796",2023-09-18
380,Соловьев Данила Артемовна,8 (805) 721-51-49,militsa09@example.com,"с. Кашира, пр. Гоголя, д. 6 стр. 99, 289509",2023-08-31
381,Лукина Лукия Ильясович,81191862339,evgenijanovikova@example.net,"к. Верхний Уфалей, пр. Красина, д. 7/8, 521452",2025-04-08
382,Лебедева Ипполит Бенедиктович,+7 (463) 351-57-18,adrian90@example.net,"г. Звенигород, пер. Первомайский, д. 556, 995123",2026-02-22
383,Лебедева Якуб Гавриилович,8 (351) 295-9272,gennadi_2025@example.com,"д. Горно-Алтайск, наб. Олимпийская, д. 3 к. 81, 929578",2025-02-03
384,Сысоева Прохор Валентинович,8 (153) 523-7360,aristarh_79@example.org,"д. Уэлен, бул. Льва Толстого, д. 64 стр. 47, 666617",2023-07-17
385,Никитин Селиверст Захарьевич,8 (796) 474-0803,timofeevfrol@example.net,"клх Батайск, ул. Коммунистическая, д. 7 стр. 95, 688285",2026-05-03
386,Беляев Ия Гордеевич,+7 723 513 73 99,solovevamarina@example.org,"г. Комсомольск-на-Амуре, ш. Тургенева, д. 46 стр. 7, 229394",2025-03-27
387,Сергеева Екатерина Мироновна,+73460666437,emil06@example.org,"клх Кизилюрт, бул. Донской, д. 227, 852464",2025-09-20
388,Ермаков Конон Болеславовна,+71163187328,voronovaolga@example.org,"г. Осташков, ул. Профсоюзная, д. 66, 279083",2024-05-01
389,Калашников Марфа Андреевич,80254257306,stimofeev@example.net,"п. Ямбург, наб. Октября, д. 471, 822850",2023-11-30
390,Титов Елизавета Устинович,8 (809) 255-0213,shcherbakovaagata@example.net,"ст. Хасавюрт, ш. Вольное, д. 298, 796496",2025-05-08
391,Мухин Пелагея Леонидовна,8 (945) 772-78-53,ijakabanova@example.net,"к. Железногорск(Курск.), бул. Колхозный, д. 5/3 к. 976, 625366",2025-03-19
392,Емельянова Родион Филимонович,8 (675) 556-28-33,evgrafermakov@example.org,"д. Поронайск, бул. Дзержинского, д. 36 к. 2/9, 496033",2024-11-15
393,Брагина Устин Владиленович,8 862 703 69 24,militsaignateva@example.org,"к. Снежногорск (Мурм.), ш. Мельничное, д. 6/9, 111000",2024-11-05
394,Исаев Будимир Ильясович,+7 (234) 159-5977,ksenija_24@example.com,"п. Жуковский, ул. Специалистов, д. 98 к. 5/4, 271026",2025-06-13
395,Пестов Натан Власович,+7 957 992 7079,martjan_15@example.org,"д. Малгобек, пр. Кавказский, д. 535 стр. 859, 996254",2024-04-03
396,Шилов Соломон Александровна,+7 752 034 4765,dorofeevaoksana@example.net,"д. Архыз, ш. Комсомольское, д. 446, 660465",2024-12-30
397,Гурьева Соломон Станиславовна,8 652 548 37 44,sisoevradim@example.net,"ст. Тимашевск, ул. Раздольная, д. 331, 129311",2023-06-24
398,Козлов Мария Оскаровна,8 912 975 1910,evpraksijarusakova@example.net,"г. Верхоянск, пр. Лесозаводский, д. 20, 583737",2026-01-05
399,Давыдов Лариса Харитонович,+79072801234,sofijaignateva@example.org,"п. Казань, ш. Курское, д. 56 к. 9/5, 645380",2026-03-23
400,Овчинников Елена Еремеевич,+7 (101) 750-96-17,kononovaanna@example.com,"д. Кузнецк, ш. 8 Марта, д. 6/8 стр. 8, 758339",2024-02-29
401,Маслова Андроник Ильич,8 775 677 72 26,bstrelkova@example.org,"ст. Яшалта, пр. Нефтяников, д. 362, 310672",2024-08-03
402,Афанасьев Мартын Адамович,8 (624) 843-37-97,kbespalov@example.com,"г. Бомнак, бул. Беляева, д. 3 к. 88, 670425",2026-02-13
403,Карпова Леонтий Геннадьевна,8 919 284 55 25,arseni1971@example.com,"п. Карталы, бул. Астраханский, д. 8 к. 9, 953259",2024-05-30
404,Никитина Лидия Геннадиевна,+7 (379) 705-8162,boleslav_87@example.com,"с. Оха, ш. Томское, д. 15, 330559",2025-06-28
405,Калинин Феликс Станиславовна,+75759833991,natalja03@example.net,"ст. Октябрьский (Башк.), бул. Заречный, д. 5 к. 52, 061572",2025-05-03
406,Фадеев Ярослав Анатольевна,+7 (975) 147-43-97,gremislav92@example.com,"г. Муром, пр. Жукова, д. 75 стр. 765, 590459",2025-11-09
407,Вишнякова Андрон Яковлевич,+7 271 122 1823,simonovmiroslav@example.com,"с. Нерчинск, пр. Юности, д. 786, 813721",2024-07-19
408,Архипов Зосима Антонович,8 (003) 700-3322,luchezar_1991@example.com,"д. Льгов, ул. Зои Космодемьянской, д. 103 к. 83, 519582",2025-02-15
409,Антонов Еремей Антоновна,+7 944 858 6239,mark35@example.com,"клх Лотошино, ул. Подстанция, д. 4/3 к. 206, 394394",2024-12-21
410,Киселев Ростислав Ждановна,+7 (943) 804-0325,sigizmundblohin@example.net,"с. Павловская, ш. Мелиоративное, д. 8/9 стр. 4, 910090",2023-06-27
411,Доронина Кир Ааронович,+77692105336,afinogen_46@example.net,"ст. Асино, наб. Морская, д. 8, 107201",2023-10-21
412,Воронов Марфа Филиппович,88440971231,yshcherbakova@example.org,"с. Смирных, алл. Полевая, д. 514 к. 4/5, 433700",2025-10-31
413,Баранова Платон Михайловна,8 (304) 519-57-78,margaritaprohorova@example.com,"клх Нефтеюганск, алл. Короленко, д. 8 к. 5, 786561",2025-12-31
414,Евсеева Ипполит Викентьевич,8 577 820 5829,timur_29@example.org,"г. Пятигорск, пер. Дачный, д. 590, 357155",2025-10-08
415,Виноградова Николай Игоревна,8 395 613 72 30,velimir_2003@example.org,"п. Плес, ш. Санаторное, д. 130 к. 441, 114716",2024-12-16
416,Константинов Вера Августович,84565346997,larionovapelageja@example.org,"к. Архангельск, бул. Советской Армии, д. 9/2 к. 6/8, 607174",2025-10-01
417,Сергеев Вадим Демьянович,+7 765 397 05 48,ermola2011@example.com,"клх Губкин, ш. Береговое, д. 2/9 стр. 57, 804918",2025-07-11
418,Шарапова Демид Филимонович,+72049561213,svjatoslav1986@example.org,"ст. Октябрьский (Башк.), наб. Казанская, д. 85, 711222",2026-01-05
419,Васильев Феоктист Феоктистович,8 (560) 858-16-70,polikarp86@example.org,"к. Новороссийка, пр. 9 мая, д. 22 к. 321, 785847",2023-09-21
420,Фомин Варвара Владимировна,8 180 332 42 60,aristarh_80@example.org,"к. Джейрах, алл. Ильича, д. 83 к. 8/4, 268812",2026-04-11
421,Гришина Владимир Яковлевич,+7 (178) 192-36-53,orest06@example.org,"г. Калуга, бул. Королева, д. 8/4 стр. 97, 239847",2023-10-04
422,Цветкова Пимен Аксёнович,8 181 205 46 47,lazar_89@example.com,"д. Сузун, ш. Болотное, д. 6/2 к. 6/9, 444498",2024-05-28
423,Шашкова Лонгин Захарьевич,+7 (935) 435-8644,qdenisova@example.org,"п. Новый Оскол, пер. Ломоносова, д. 97 стр. 51, 395275",2024-06-25
424,Меркушев Никифор Никифоровна,+79785249141,jkulagina@example.com,"п. Красноселькуп, пр. Энергетический, д. 4/5 к. 267, 665122",2023-12-17
425,Некрасова Митофан Феликсовна,+7 014 188 4216,andronrozhkov@example.net,"г. Нарьян-Мар, бул. Энергетический, д. 7 стр. 43, 853208",2025-12-03
426,Хохлова Лукьян Гурьевич,+7 (638) 902-19-94,vladilen1976@example.org,"п. Сибай, алл. Ангарская, д. 24 стр. 734, 733116",2025-04-29
427,Петухов Пров Павловна,8 960 843 76 85,adrian_78@example.net,"д. Карачаевск, алл. Сибирская, д. 3/7 к. 63, 643436",2025-12-28
428,Фокина Рюрик Адрианович,83170695560,polikarp2019@example.com,"с. Краснотурьинск, алл. Угольная, д. 5 к. 3/3, 989830",2025-01-22
429,Белов Михаил Романовна,+7 (121) 980-4184,gennadi1989@example.org,"ст. Кажим, пр. Труда, д. 28, 190924",2025-10-08
430,Бурова Рюрик Федосьевич,+7 (303) 911-14-28,guljaevroman@example.net,"п. Тында, алл. Октябрьская, д. 3, 808806",2024-01-05
431,Белов Гурий Харитонович,+7 (239) 594-73-72,kulakovipat@example.org,"с. Дербент, наб. Бажова, д. 7/9, 878599",2025-02-28
432,Овчинников Полина Андреевна,8 287 203 19 54,eliseevostromir@example.com,"к. Апшеронск, пр. Выгонный, д. 336 к. 3/5, 320374",2025-07-05
433,Тетерин Нифонт Натановна,8 (537) 260-32-14,apollinari_57@example.com,"д. Магас, ш. Беляева, д. 671 к. 4, 820128",2024-08-01
434,Васильев Аристарх Яковлевич,+7 (850) 765-9759,kondrati_50@example.net,"ст. Сузун, ш. Подгорное, д. 626 к. 5/3, 319646",2024-05-17
435,Беляев Андроник Ефимьевич,+7 236 936 2689,epifan01@example.org,"клх Старый Оскол, алл. Семашко, д. 27, 759574",2025-11-22
436,Ковалева Федосий Эдуардовна,8 582 984 9330,rmerkushev@example.com,"клх Пинега, пер. Чкалова, д. 2, 833372",2023-11-10
437,Киселева Ия Юльевич,8 666 954 1329,veronika1974@example.com,"с. Рыльск, пр. Советской Армии, д. 255, 377693",2025-02-28
438,Молчанова Петр Данилович,+73925295961,mihalovboris@example.net,"д. Ростов-на-Дону, ул. Деповская, д. 307 к. 624, 910245",2023-11-12
439,Пономарева Андрей Архипович,+7 903 267 1494,askold_2011@example.com,"с. Шерегеш, алл. Гаражная, д. 4/5 к. 365, 758446",2025-03-20
440,Костина Измаил Ефстафьевич,8 337 220 1091,valentinatretjakova@example.org,"к. Назрань, наб. Волочаевская, д. 7/7 стр. 589, 705263",2024-11-27
441,Комаров Артемий Александрович,+76277657256,polina_92@example.org,"с. Вилюйск, наб. Тенистая, д. 923 к. 5/4, 600559",2025-01-09
442,Иванов Мартын Бориславович,8 (833) 258-48-68,platonmamontov@example.net,"клх Чокурдах, наб. Иванова, д. 145 стр. 2/8, 799359",2024-05-21
443,Лобанов Радим Ефимович,+7 394 640 8303,izjaslav1997@example.org,"г. Кызыл, ш. Баумана, д. 184 стр. 4/9, 136852",2025-10-03
444,Власов Валерия Авдеевич,8 153 701 24 24,pavel26@example.org,"г. Лысьва, пер. Верхний, д. 121 к. 51, 175188",2025-06-01
445,Николаев Сократ Харлампьевич,84151526384,sisoevajulija@example.org,"п. Неплюевка, пер. Каштановый, д. 6/1, 661863",2024-02-25
446,Белоусова Евграф Егоровна,8 (913) 787-65-53,petrovanonna@example.org,"г. Объячево, наб. Карбышева, д. 257 стр. 91, 927788",2024-11-20
447,Дорофеева Виссарион Харитоновна,+7 534 864 0104,ivannaavdeeva@example.com,"к. Приозерск, пер. Жданова, д. 574, 004521",2024-01-09
448,Данилова Станислав Валериевна,+7 511 455 12 93,zhukovantip@example.com,"ст. Усть-Баргузин, ш. Строителей, д. 2 стр. 1/5, 154021",2023-11-03
449,Кузнецов Харитон Борисович,8 (075) 681-42-98,boleslavmironov@example.org,"клх Анадырь, алл. Подлесная, д. 48 к. 1/9, 937830",2025-04-07
450,Крылова Еремей Кирилловна,8 384 526 96 94,ipat91@example.net,"клх Шенкурск, ул. Донская, д. 4/5 к. 39, 320330",2023-09-30
451,Вишняков Елизавета Венедиктович,+7 (419) 031-0615,prokofibaranov@example.org,"к. Приморско-Ахтарск, бул. Прохладный, д. 4/3 к. 66, 377460",2024-07-05
452,Князев Авдей Фомич,+7 (007) 843-61-42,kliment26@example.org,"д. Сергиев Посад, наб. Вольная, д. 4/5 к. 7/5, 737203",2026-03-08
453,Комиссаров Святослав Гурьевич,8 (821) 458-4148,olga60@example.org,"к. Краснодар, ш. Казанское, д. 9/1, 058695",2023-06-12
454,Колесников Светозар Гаврилович,+7 464 493 69 99,valeri_67@example.net,"к. Балтийск, наб. Ермака, д. 68 к. 4/7, 119236",2023-08-17
455,Колобов Елизар Фадеевич,8 (118) 723-3351,sidorovaagafja@example.net,"к. Чехов, алл. Студенческая, д. 4 к. 914, 074820",2025-07-09
456,Горбачева Ермолай Фадеевич,8 118 939 4065,praskovja_78@example.net,"клх Владимир, пер. Колхозный, д. 4 стр. 42, 233324",2025-05-25
457,Коновалова Аркадий Филимонович,+7 (920) 135-4621,olimpiadamelnikova@example.org,"г. Тымовское, бул. Фадеева, д. 412, 261632",2024-07-27
458,Голубева Любовь Натановна,8 (899) 572-9893,paramon1981@example.net,"к. Крымск, алл. Южная, д. 56 стр. 9/8, 912038",2023-12-02
459,Кондратьев Федот Тихонович,82082832308,afanasi_1986@example.net,"д. Углегорск, наб. Лесхозная, д. 9, 206732",2024-05-17
460,Анисимова Ия Афанасьевич,8 (297) 168-1572,martin00@example.org,"ст. Архангельск, наб. Тракторная, д. 813, 785090",2024-01-28
461,Исаев Милован Тарасович,+7 844 421 82 99,samson_1989@example.com,"п. Лысьва, пер. Западный, д. 7 стр. 1/9, 700900",2026-04-03
462,Евсеева Казимир Демьянович,8 551 584 82 66,frolovostromir@example.org,"к. Нязепетровск, ул. Нефтяников, д. 3 стр. 1/9, 706336",2025-12-31
463,Кудрявцева Юрий Фокич,85098221040,knjazevnikifor@example.com,"к. Якша, наб. Тепличная, д. 8/4 стр. 46, 643212",2026-05-27
464,Осипова Нифонт Кузьминична,+72894642036,margaritamolchanova@example.net,"г. Минеральные Воды, ул. Леонова, д. 764 к. 65, 026355",2025-10-01
465,Давыдов Елена Ерофеевич,+7 (017) 646-4489,silanti_1971@example.org,"п. Усть-Кулом, пер. Водопроводный, д. 6 стр. 17, 040433",2024-05-10
466,Силина Емельян Рудольфовна,8 384 951 6321,belovemil@example.com,"д. Батайск, алл. Слободская, д. 437 стр. 66, 060119",2025-08-02
467,Потапова Сергей Зиновьевич,8 178 688 00 23,kornilovaalevtina@example.net,"ст. Псков, пер. Полярный, д. 636, 744916",2023-06-14
468,Блинова Якуб Гордеевич,8 595 201 49 11,alla_2022@example.net,"д. Лянтор, алл. М.Горького, д. 6/1, 632239",2025-12-31
469,Анисимов Силантий Артёмович,+7 (745) 561-1404,reginabeljakova@example.com,"клх Анива, алл. 8-е Марта, д. 7/7 к. 281, 600308",2024-04-20
470,Гуляев Мирослав Тихонович,81062715312,iraklisamsonov@example.com,"ст. Руза, пер. Казанский, д. 2/8 стр. 7/9, 938440",2023-12-06
471,Кошелев Иларион Афанасьевна,+7 873 543 7882,ntarasov@example.org,"г. Волоколамск, наб. Микрорайон, д. 990 стр. 2, 492074",2025-12-01
472,Константинов Григорий Руслановна,89969964899,bronislav2005@example.com,"д. Оренбург, пер. Новгородский, д. 25 стр. 1, 993231",2024-03-23
473,Кабанова Эмилия Эльдаровна,+7 (426) 698-0690,savvati_1980@example.com,"ст. Пушкинские Горы, бул. Щербакова, д. 53, 893595",2026-03-16
474,Бирюкова Илья Александровна,+7 (804) 056-12-99,bfedoseev@example.net,"д. Новороссийск, бул. Братский, д. 5/2 стр. 7/6, 130876",2023-11-09
475,Зимина Евгения Леоновна,+7 (385) 951-43-46,gennadi_1986@example.net,"клх Бавлы, ш. Тракторное, д. 4/1, 869661",2023-09-03
476,Пахомова Виктор Рудольфовна,8 831 139 50 01,dfedorova@example.net,"к. Ярославль, ул. Космонавтов, д. 376 стр. 89, 205344",2023-07-06
477,Бобылев Серафим Феофанович,84620726629,ljubovsokolova@example.net,"клх Якша, пр. Коммунистический, д. 29 к. 1, 884133",2024-04-19
478,Суворов Радован Афанасьевич,+7 (552) 356-17-81,avtonom1983@example.org,"д. Жуковский, пр. Урожайный, д. 46, 277895",2025-01-14
479,Щербаков Виталий Григорьевич,8 (184) 449-02-95,baranovamarfa@example.com,"с. Кыштым, ул. Азовская, д. 4/5 к. 967, 277822",2023-10-04
480,Пахомова Агафон Владиславович,+7 798 213 48 62,matve_2019@example.com,"ст. Россошь, ш. Харьковское, д. 982, 605397",2023-07-15
481,Кириллова Семен Михайловна,88661770673,xsemenova@example.org,"ст. Агата, пер. Средний, д. 422 к. 6, 165058",2025-05-04
482,Афанасьева Василий Евсеевич,8 921 821 92 59,dsilina@example.net,"п. Руза, пер. Рязанский, д. 122 стр. 1, 869484",2026-03-13
483,Кириллов Владислав Вячеславовна,8 988 114 5788,polina1972@example.net,"к. Инта, пер. Короленко, д. 7/8, 820974",2025-01-21
484,Степанов Эмилия Георгиевна,+7 779 876 82 99,fmorozova@example.net,"к. Томари, алл. Журавлева, д. 985 стр. 462, 040566",2026-01-27
485,Афанасьева Максимильян Филиппович,80012482554,dobromisl86@example.com,"п. Новая Игирма, наб. Производственная, д. 92 стр. 7, 389156",2024-02-20
486,Яковлев Казимир Леоновна,8 285 725 6292,lfomicheva@example.org,"д. Шилка, наб. Кузнечная, д. 28 стр. 6/6, 784685",2023-07-04
487,Носков Юлиан Руслановна,8 (443) 034-91-89,gushchinveniamin@example.com,"г. Камышин, ш. Орджоникидзе, д. 14 стр. 753, 154715",2024-10-31
488,Соболев Егор Григорьевич,+7 (593) 678-13-67,anikita_09@example.com,"к. Верхний Баскунчак, ш. 40 лет Октября, д. 77, 987809",2023-12-31
489,Пестов Регина Абрамович,+75238885622,fedosi_66@example.org,"ст. Североморск, пр. Заливный, д. 3 стр. 67, 485965",2024-10-14
490,Крюкова Лукия Георгиевна,+72824911650,agatabobileva@example.org,"ст. Меренга, бул. Угловой, д. 41 к. 61, 130557",2023-08-01
491,Исаков Станимир Евгеньевна,8 821 444 88 96,nlazareva@example.net,"с. Кизел, пр. Гончарова, д. 7 к. 30, 825431",2025-09-03
492,Калашникова Ерофей Эдуардовна,+7 (812) 312-39-20,jaropolk10@example.com,"д. Костомукша, наб. Пожарского, д. 93 к. 6/1, 768172",2024-03-16
493,Кондратьев Милий Фомич,8 458 472 6290,vjacheslav_91@example.net,"клх Усть-Камчатск, бул. Кузнечный, д. 1/9, 717217",2026-05-12
494,Афанасьев Ермолай Феофанович,+7 (992) 052-2299,ostapbobilev@example.org,"ст. Муром, ш. Фабричное, д. 4 стр. 33, 539835",2025-10-20
495,Лукин Леон Фёдорович,+7 777 326 43 09,kazimir_49@example.com,"с. Шелехов, пр. Центральный, д. 39 стр. 2/3, 539787",2023-12-01
496,Иванова Ермил Мироновна,8 298 832 2012,nikon_08@example.org,"г. Кунгур, пр. Вавилова, д. 6/4 стр. 9, 238600",2024-04-18
497,Наумов Аггей Ефимьевич,+7 (619) 951-7152,filimonmjasnikov@example.org,"клх Чебоксары, ш. Тельмана, д. 414, 483093",2023-06-17
498,Никонов Флорентин Харитонович,+7 397 191 26 02,valerijanikitina@example.org,"с. Смоленск, алл. Цветочная, д. 291 стр. 266, 201907",2024-01-07
499,Зимин Мария Ильинична,8 (733) 930-4936,nmuravev@example.net,"с. Малоярославец, ул. Кавказская, д. 3 стр. 114, 825095",2024-01-05
500,Рябова Геннадий Ермилович,8 209 355 61 03,vladimir_97@example.org,"с. Глазов, наб. Орловская, д. 6/9, 856423",2023-07-22
501,Бурова Исидор Артемьевич,+7 (027) 061-59-27,fedosigorshkov@example.com,"д. Южноуральск, пр. Кольцевой, д. 7/1, 322481",2024-11-22
502,Галкин Лучезар Владиленович,+7 340 301 0956,feoktist2022@example.net,"с. Миасс, ул. Степана Разина, д. 6/6 стр. 7, 347124",2025-05-27
503,Иванов Платон Брониславович,+7 801 810 3068,varlaamsavelev@example.com,"с. Жиганск, пер. Западный, д. 681 к. 2/3, 150713",2025-08-07
504,Зыков Андроник Филимонович,+7 307 351 04 58,seliverst43@example.com,"клх Каменск-Шахтинский, ул. Демьяна Бедного, д. 95, 766947",2023-07-26
505,Журавлев Елизар Артемовна,+7 533 962 7466,jagafonova@example.org,"д. Комсомольск-на-Амуре, бул. Шишкина, д. 500, 661459",2023-07-18
506,Кузьмин Раиса Тимуровна,+7 079 771 40 04,tihonkomissarov@example.net,"д. Агинское (Забайк.), алл. Песчаная, д. 3 к. 949, 949769",2025-09-09
507,Антонова Семен Давидович,+7 379 716 69 84,tihonovnaum@example.org,"с. Луга, пр. Ильича, д. 4, 256238",2026-04-15
508,Соболева Харлампий Ермолаевич,89197014262,sobolevaoktjabrina@example.org,"г. Верхний Уфалей, ул. Аэродромная, д. 941 к. 935, 211708",2025-07-31
509,Лазарева Ярослав Ермолаевич,8 (018) 644-8221,mir2005@example.net,"д. Одинцово, ул. Коллективная, д. 904 к. 667, 123691",2024-09-17
510,Константинов Чеслав Бенедиктович,+7 287 942 96 88,oktjabrinavladimirova@example.com,"к. Балашиха, наб. Курганная, д. 741 стр. 156, 832748",2025-10-24
511,Харитонов Захар Наумовна,8 517 962 40 96,julian66@example.net,"д. Рубцовск, наб. Докучаева, д. 3, 702851",2025-01-29
512,Филиппов Вячеслав Ильясович,83648820893,tvorimir68@example.net,"с. Джейрах, пр. Ильича, д. 88 к. 260, 413193",2024-12-16
513,Лукина Вера Валериевна,+7 (361) 337-60-52,anikerusakov@example.com,"с. Назрань, ул. Мелиоративная, д. 5 стр. 8, 419165",2026-03-16
514,Комиссарова Амос Георгиевич,+74096617718,ivannakirillova@example.net,"ст. Петухово, ш. Безымянное, д. 841 к. 7, 359266",2024-07-25
515,Сазонов Трифон Георгиевна,8 (939) 698-7486,zinaida15@example.com,"ст. Белгород, ул. Театральная, д. 80, 360511",2025-06-16
516,Сазонов Богдан Леонидовна,+7 398 863 6536,antoninakopilova@example.net,"к. Шатой, пр. Вахитова, д. 500, 489420",2024-09-07
517,Ситников Назар Леонидовна,+78966760564,agafjazikova@example.com,"ст. Ногинск (Моск.), ш. Азина, д. 9 к. 597, 338906",2023-12-30
518,Зиновьева Илья Станиславовна,8 466 226 5401,vdmitrieva@example.net,"г. Алдан, бул. Шмидта, д. 22 стр. 52, 767746",2024-01-04
519,Евдокимов Таисия Геннадиевна,+7 601 124 11 58,tvorimir86@example.org,"г. Соль-Илецк, пер. Димитрова, д. 8/9 стр. 23, 995704",2025-05-03
520,Рыбакова Всемил Устинович,+72612120384,samuilaleksandrov@example.org,"клх Чехов, пр. Сосновый, д. 9/6 стр. 55, 421838",2024-10-25
521,Владимиров Ипполит Федоровна,+70064454752,bazhenmakarov@example.org,"клх Северобайкальск, ш. Победа, д. 777 к. 53, 720388",2025-01-19
522,Ширяев Елизавета Эльдаровна,+7 750 801 96 30,maksim30@example.com,"клх Усинск, ш. Безымянное, д. 4 стр. 4, 001816",2025-04-24
523,Морозова Савватий Ермилович,8 (165) 244-4544,ikiselev@example.org,"с. Шелагонцы, алл. Курчатова, д. 405 стр. 828, 869996",2025-12-06
524,Зайцева Стоян Степановна,+7 (904) 579-27-14,ekaterina1979@example.com,"г. Верхний Уфалей, пер. Революции, д. 3 стр. 3, 839728",2024-06-09
525,Яковлева Изот Тимофеевна,+7 218 706 29 32,sofon_1973@example.net,"п. Городовиковск, ш. Огородное, д. 323, 018676",2025-01-19
526,Тарасов Викентий Аксёнович,8 (987) 610-8143,nestor_14@example.org,"к. Корсаков, ул. Коммунистическая, д. 5/7 стр. 63, 695100",2024-04-13
527,Ермакова Наталья Аверьянович,8 (620) 545-96-71,adrian_06@example.com,"к. Видное, ул. Пирогова, д. 5, 134078",2024-10-25
528,Лаврентьев Варлаам Георгиевна,84970890583,jdjachkov@example.org,"с. Тырныауз, пер. Черемушки, д. 86 стр. 983, 888917",2025-09-08
529,Коновалова Елена Ефимовна,8 (915) 059-62-57,ermakovradovan@example.com,"п. Апатиты, алл. Автомобилистов, д. 8, 604180",2025-11-14
530,Рожкова Модест Викентьевич,+7 755 851 77 74,agafonovvseslav@example.com,"д. Кабанск, ул. Безымянная, д. 2, 264222",2026-01-01
531,Агафонов Самсон Якубович,81704542185,moke70@example.com,"г. Чебоксары, алл. Осипенко, д. 1/1, 163564",2023-08-31
532,Александров Родион Гордеевич,+7 (472) 828-95-40,beljaevapelageja@example.net,"клх Кузнецк, пр. Слободской, д. 226 стр. 9/6, 710580",2023-10-30
533,Захарова Виктор Марсович,+7 927 115 2610,zosima_70@example.net,"г. Аршан (Бурят.), ул. Парижской Коммуны, д. 1 к. 274, 854329",2025-08-28
534,Шарапов Руслан Вениаминовна,8 (936) 529-4471,uignatova@example.org,"п. Минусинск, ул. Горняцкая, д. 604 стр. 925, 321743",2024-12-20
535,Копылов Порфирий Андреевна,+7 (526) 806-4860,msamsonov@example.net,"к. Урай, алл. Лермонтова, д. 45 стр. 5/7, 805507",2025-04-30
536,Горбунова Кирилл Анисимович,8 579 551 56 23,agafjakirillova@example.org,"г. Баксан, бул. Некрасова, д. 491 к. 811, 190254",2026-06-07
537,Колесникова Прокл Терентьевич,+7 220 695 3541,agatarozhkova@example.org,"с. Можайск, наб. Привокзальная, д. 126 стр. 651, 259479",2024-11-18
538,Шашков Амос Еремеевич,+7 717 327 9805,angelina_03@example.net,"г. Палана, бул. Полтавский, д. 1 к. 29, 452036",2023-08-19
539,Крылова Сильвестр Матвеевна,+71184913599,sofijaefimova@example.com,"клх Хасавюрт, алл. Трудовая, д. 7 к. 700, 990069",2025-04-05
540,Ковалев Трофим Артёмович,8 (677) 403-7842,evlampiermakov@example.com,"ст. Кимры, ул. Пирогова, д. 8/7, 550325",2023-06-27
541,Кузнецова Афанасий Гордеевич,8 542 624 17 84,fainasemenova@example.net,"п. Кижи, наб. Кубанская, д. 100 к. 1/6, 088684",2024-06-21
542,Антонов Агафон Валентинович,+7 667 329 04 57,raisa_98@example.net,"ст. Ханты-Мансийск, ул. Ярославская, д. 5/3, 033620",2026-05-23
543,Фомичев Вячеслав Исидорович,8 821 477 0920,vikenti1976@example.com,"клх Усть-Джегута, алл. Севастопольская, д. 3/2, 158189",2025-07-08
544,Кузнецов Мария Леоновна,8 916 118 6385,uljan_81@example.net,"клх Советский, бул. Мирный, д. 9/9, 053789",2024-05-10
545,Ковалева Артем Матвеевич,82897284540,kopilovvseslav@example.org,"г. Белореченск, пер. Горняцкий, д. 9, 322041",2024-08-13
546,Туров Клавдий Елисеевич,+7 (281) 165-9930,agafjaguseva@example.org,"к. Дудинка, ш. Украинское, д. 87, 213530",2023-12-29
547,Герасимов Сила Фёдорович,8 064 630 0593,ratibor2001@example.com,"д. Углегорск, алл. Кирпичная, д. 229, 174690",2024-02-12
548,Галкина Фортунат Архиповна,+7 (104) 384-1966,viktorijaermakova@example.org,"с. Суздаль, пер. Весенний, д. 7, 667063",2026-06-02
549,Доронина Никодим Витальевич,+7 986 550 49 44,valerija07@example.com,"клх Мелеуз, ш. Севастопольское, д. 79 стр. 1, 962732",2024-02-27
550,Федотов Никандр Феодосьевич,+7 142 436 25 85,evgenija21@example.net,"д. Южно-Курильск, бул. Макаренко, д. 53, 996433",2025-10-26
551,Калашникова Мартьян Демидович,+7 (472) 505-83-33,egor03@example.org,"ст. Тура, пр. Береговой, д. 5 к. 8, 947576",2025-12-07
552,Авдеева Лукия Ниловна,+75353659746,udoronina@example.net,"с. Карпинск, алл. Крестьянская, д. 55 к. 1, 959481",2024-11-21
553,Некрасова Доброслав Трифонович,82559664721,agappanov@example.com,"к. Чехов, наб. Байкальская, д. 2/5, 489332",2025-03-16
554,Елисеев Виктор Степановна,8 430 796 3731,novikovasinklitikija@example.net,"д. Новомичуринск, алл. Киевская, д. 858, 845235",2026-03-28
555,Овчинникова Климент Вячеславович,8 874 470 17 32,shubinasvetlana@example.com,"п. Саянск, пр. Шахтерский, д. 7/6 к. 4/4, 014005",2024-02-01
556,Белозерова Порфирий Антоновна,+7 055 800 02 72,angelinanikiforova@example.org,"клх Каменномостский, пр. Нагорный, д. 4, 368172",2023-08-03
557,Николаев Евстафий Герасимович,8 955 286 20 92,iosif1993@example.org,"ст. Катайск, алл. Краснодарская, д. 47, 899204",2024-12-25
558,Маслова Савватий Макаровна,+7 (532) 366-1850,nikon1976@example.org,"д. Казань, пер. Машиностроителей, д. 482 к. 1/2, 712615",2026-03-07
559,Зуев Фадей Анатольевна,8 (217) 648-4673,prov_42@example.org,"клх Елабуга, алл. Тукая, д. 519, 258922",2024-03-13
560,Субботина Наталья Ильич,8 062 953 50 63,innokenti1974@example.net,"к. Переславль-Залесский, ш. Победа, д. 2 стр. 80, 384185",2024-01-26
561,Лаврентьева Агап Игоревна,+7 362 608 46 39,varvara1994@example.com,"клх Кяхта, ул. Коммунаров, д. 5 к. 621, 641195",2024-11-03
562,Некрасов Пахом Аверьянович,81969395787,dobroslav_07@example.org,"к. Звенигород, алл. Пионерская, д. 297 к. 31, 139369",2025-02-25
563,Беляева Роман Болеславовна,8 (609) 873-12-67,ignati1975@example.net,"с. Оха, ш. Береговое, д. 6/9 стр. 9/7, 339431",2026-01-01
564,Боброва Будимир Сергеевна,8 543 089 52 31,alinajakovleva@example.org,"ст. Апшеронск, пр. Циолковского, д. 5 к. 5/8, 002687",2025-02-13
565,Орехов Лев Альбертовна,8 764 979 74 16,nikandrbelozerov@example.com,"к. Набережные Челны, ул. Плеханова, д. 65, 730964",2025-11-03
566,Сидорова Парфен Гаврилович,8 (711) 952-96-35,antipshubin@example.com,"п. Нурлат, ул. Алтайская, д. 77 к. 56, 159489",2025-10-26
567,Хохлова Филарет Игнатьевич,86546634544,leonrogov@example.com,"д. Городовиковск, пер. Владимирский, д. 54 к. 5/4, 640882",2024-01-22
568,Белов Захар Вениаминовна,8 862 973 9889,varlaam32@example.org,"п. Биробиджан, алл. Донская, д. 1/8 стр. 5, 346557",2025-12-05
569,Гришина Влас Семеновна,+7 (030) 044-96-46,kulikovjulian@example.org,"п. Новомичуринск, алл. Донская, д. 67, 589635",2025-11-30
570,Матвеева Мартын Кузьминична,8 (086) 199-31-45,lavrenti_1982@example.com,"с. Кижи, ул. Главная, д. 1, 423622",2023-08-01
571,Колесников Ипат Ефстафьевич,8 (424) 631-04-37,vmorozova@example.net,"г. Усть-Ишим, наб. Малая, д. 7 стр. 821, 417430",2024-09-21
572,Крюкова Емельян Жоресович,+7 238 502 2894,vsharov@example.org,"клх Ессентуки, алл. Запрудная, д. 49, 202569",2023-11-24
573,Исаков Ермолай Августович,+7 (033) 467-7116,mihail2025@example.org,"п. Сосногорск, пер. Белинского, д. 4 стр. 624, 012398",2024-07-15
574,Александров Севастьян Данилович,+7 342 028 4719,tarasovaoksana@example.net,"клх Дагомыс, ул. Королева, д. 576 к. 2/8, 546199",2024-03-20
575,Комаров Капитон Теймуразович,8 838 727 2581,viktorijafilippova@example.net,"с. Партизанск, наб. Краснопартизанская, д. 83 стр. 83, 212110",2023-12-12
576,Фомичев Тарас Якубович,+7 358 690 1707,iraida03@example.net,"г. Черусти, пер. Ударный, д. 3 стр. 2, 122276",2024-07-09
577,Быков Ипат Анатольевна,8 (220) 542-21-62,ushcherbakova@example.net,"ст. Калининград, бул. Молодежный, д. 53, 470488",2025-07-24
578,Полякова Симон Васильевна,8 047 020 5968,askold_95@example.org,"к. Юрюзань, алл. М.Горького, д. 4/3 стр. 7, 427775",2024-02-29
579,Сазонова Гордей Ильясович,82061658129,alevtinalapina@example.com,"д. Лотошино, ул. Энергетиков, д. 4/1, 955963",2025-04-17
580,Гущин Иннокентий Кузьминична,+7 (629) 420-66-15,jaropolk80@example.net,"п. Карабулак, ул. Главная, д. 904 стр. 22, 221215",2024-09-11
581,Шестакова Сократ Брониславович,8 826 868 7640,fadeevfortunat@example.org,"д. Углегорск, пр. Некрасова, д. 3, 062987",2025-04-27
582,Богданова Алина Харлампович,+7 (585) 664-6419,ivoronova@example.org,"г. Щелково, бул. Спартака, д. 22, 204104",2024-02-18
583,Селезнев Юлий Алексеевна,+7 (147) 891-1797,nadezhdasafonova@example.net,"клх Железногорск(Курск.), бул. Выгонный, д. 180 стр. 76, 020005",2024-04-10
584,Марков Ольга Аскольдовна,8 386 310 5052,innokenti83@example.net,"д. Жиганск, ш. Ярославское, д. 707 к. 3/8, 332838",2026-01-11
585,Фомина Никандр Тимофеевна,+7 (376) 185-1862,gburov@example.org,"ст. Вуктыл, ул. Окружная, д. 38, 392188",2024-05-22
586,Зыкова Милен Гаврилович,8 (918) 750-67-76,kulaginanike@example.com,"г. Углич, ул. Физкультурная, д. 31 стр. 8/7, 781596",2025-11-26
587,Никифорова Творимир Денисович,8 (457) 202-6656,nestor_2021@example.org,"п. Муравленко, алл. Свердлова, д. 65 к. 59, 074299",2023-07-14
588,Беляков Прокл Даниловна,8 (296) 694-17-99,blitkin@example.net,"к. Талдом, пер. Есенина, д. 7 к. 2, 984167",2024-06-20
589,Филатова Константин Фокич,8 (536) 988-1649,alekse_1988@example.com,"ст. Шенкурск, бул. Льва Толстого, д. 252, 262706",2025-02-20
590,Титова Корнил Викторовна,+7 082 484 5813,naumovasofija@example.net,"к. Старый Оскол, бул. Азовский, д. 5/2 к. 7, 027500",2023-06-10
591,Тарасов Еремей Кузьминична,8 661 995 3056,valeri84@example.net,"д. Магас, пр. Интернациональный, д. 1/2 к. 3/7, 013651",2023-08-22
592,Потапов Игнатий Ерофеевич,+74299067456,oleg_2025@example.com,"г. Октябрьское (Хант.), ш. Подлесное, д. 755, 256222",2023-12-21
593,Соколов Ювеналий Игнатович,+7 (347) 047-4764,konstantin_2016@example.com,"д. Сальск, алл. Гаражная, д. 48 к. 1, 124553",2023-11-14
594,Котова Гурий Яковлевна,80036221173,oktjabrinagorshkova@example.org,"д. Усинск, алл. Новоселов, д. 6 стр. 3, 942525",2023-11-14
595,Жуков Онуфрий Юлианович,8 759 171 0508,denisovaksenija@example.net,"с. Сергиев Посад, наб. Ермака, д. 45 к. 3, 784171",2024-12-14
596,Моисеев Фома Михайловна,87344930537,tvorimir_1972@example.org,"д. Кедровый, ул. Верхняя, д. 93 к. 16, 882815",2024-03-06
597,Макарова Самуил Харламович,+7 (048) 625-1521,ivanna1990@example.com,"к. Кингисепп, ш. Березовое, д. 289 к. 7, 344671",2025-06-23
598,Панфилова Пров Матвеевич,+7 (969) 143-36-29,nazar64@example.com,"клх Ахтубинск, ул. 50 лет Октября, д. 4/1, 521189",2025-03-07
599,Виноградова Вероника Ермолаевич,+72464884997,porfiri_28@example.com,"клх Холмогоры, ш. Подлесное, д. 390 к. 81, 891248",2025-09-26
600,Антонова Евгений Вячеславовна,8 (170) 598-44-51,elise67@example.org,"г. Истра, алл. Красноармейская, д. 98 стр. 7, 193978",2023-10-11
601,Сысоева Кир Игоревич,80099217790,luka_28@example.com,"п. Одинцово, бул. Комарова, д. 670, 260119",2024-06-18
602,Яковлев Фотий Августович,+7 (829) 742-5513,kmihalov@example.org,"ст. Тверь, ул. Западная, д. 6 стр. 424, 361587",2024-04-24
603,Белякова Натан Трифонович,+7 (713) 589-69-33,ilarion_90@example.net,"д. Москва, МГУ, ул. Осипенко, д. 8 к. 61, 639792",2024-12-15
604,Елисеева Милан Валентинович,+7 643 690 28 37,dobromisl2001@example.org,"ст. Октябрьское (Челяб.), ул. Кутузова, д. 34 к. 564, 610197",2024-10-24
605,Константинова Алевтина Гертрудович,8 846 405 1038,avgust_1979@example.com,"к. Дно, пр. Снежный, д. 3/9 к. 544, 189395",2024-05-03
606,Захарова Азарий Фадеевич,80676490922,terenti_2021@example.com,"ст. Моршанск, ул. Азовская, д. 9 к. 3/8, 743068",2025-10-26
607,Моисеева Виссарион Борисович,8 403 439 88 18,elise2007@example.com,"д. Кизел, алл. Прибрежная, д. 5/8 стр. 1/5, 309091",2024-12-03
608,Васильева Евдоким Юрьевна,8 028 262 54 20,artem23@example.org,"с. Славгород, ул. Флотская, д. 2, 079419",2024-05-09
609,Потапов Гордей Марсович,+7 (810) 979-4122,tihon70@example.net,"клх Охотск, ш. Плеханова, д. 32 к. 2, 422404",2026-05-22
610,Фомина Анжела Гордеевич,+7 (611) 890-03-46,petr_1976@example.net,"г. Сорочинск, алл. Маркса, д. 3/1, 009536",2025-03-14
611,Дорофеев Марина Арсеньевич,85368900577,amvrosi_01@example.com,"к. Уэлен, ул. Кочубея, д. 89, 307221",2023-11-26
612,Орлова Елизар Эдуардовна,8 908 716 72 21,braginazoja@example.com,"ст. Вязьма, ул. Славянская, д. 870 к. 5, 602344",2023-12-31
613,Молчанов Доброслав Викторович,+7 602 523 94 12,loginovairaida@example.com,"п. Оймякон, ул. Снежная, д. 66 стр. 2, 276179",2024-09-18
614,Кудрявцева Маргарита Адрианович,+7 (455) 985-16-02,kiselevfirs@example.net,"д. Черемхово, алл. Парижской Коммуны, д. 5/9, 478686",2023-12-24
615,Гущин Ермил Тарасович,+7 088 447 4083,varvara2007@example.org,"с. Люберцы, ш. Мельничное, д. 164 стр. 969, 692353",2024-08-15
616,Беляков Тимур Яковлевич,8 470 821 39 86,kir_62@example.org,"г. Завьялиха, бул. Победа, д. 60, 033000",2023-07-08
617,Семенова Трофим Матвеевич,+7 (467) 391-9008,filimon_2022@example.net,"к. Глазов, ш. Центральное, д. 791 к. 33, 379897",2026-01-24
618,Носов Аникей Августович,8 (548) 186-7463,vasilevaakulina@example.net,"п. Рязань, ул. Владимирская, д. 2/2, 519854",2024-11-03
619,Бобров Сидор Романовна,84203401535,klavditihonov@example.com,"к. Оймякон, пер. Сплавный, д. 5 стр. 7/8, 010824",2026-03-06
620,Морозов Марина Харитоновна,+7 (818) 223-87-94,alekseevamarfa@example.org,"д. Братск, наб. Механизаторов, д. 47 к. 4, 423570",2023-06-23
621,Захаров Куприян Владиленович,81828518161,lidijakonovalova@example.net,"клх Пермь, ул. Транспортная, д. 3/4, 466001",2023-12-25
622,Мартынов Феликс Александровна,+7 (710) 123-29-61,bronislav_20@example.net,"г. Талдом, пр. Демьяна Бедного, д. 4 стр. 5, 042276",2024-05-14
623,Моисеев Алевтина Теймуразович,+7 191 530 5734,gennadi1987@example.org,"г. Сусуман, пер. Краснодарский, д. 25 к. 37, 708666",2024-12-06
624,Сафонова Ия Трифонович,+7 (241) 976-87-84,savvati71@example.net,"клх Каргополь, ул. Подгорная, д. 2/9 к. 9, 422354",2024-04-30
625,Киселев Леон Ефремович,8 682 121 56 49,gremislav_54@example.net,"с. Кяхта, бул. Целинный, д. 819 к. 98, 827306",2024-06-06
626,Савельев Леон Игоревич,84882188496,azari_1997@example.com,"к. Внуково (метеост.), ул. Саратовская, д. 525, 412301",2025-02-22
627,Ефремов Антонин Геннадиевна,8 (603) 721-8600,gremislavsemenov@example.net,"д. Северо-Курильск, ш. Клубное, д. 114 стр. 834, 317197",2026-03-19
628,Никонов Федор Андреевич,+7 625 908 41 94,stanislav1992@example.com,"г. Карачаевск, наб. Главная, д. 9 к. 11, 288780",2025-06-11
629,Логинова Всеслав Фролович,80371616088,guljaevjakov@example.com,"п. Шамары, бул. Серова, д. 8 стр. 2/9, 753076",2025-10-26
630,Бирюкова Вацлав Абрамович,+7 (480) 855-78-00,zojaagafonova@example.com,"п. Певек, алл. Индустриальная, д. 1/7, 857467",2023-07-10
631,Исаева Никита Феофанович,8 169 139 5215,zinovevavalerija@example.com,"с. Брянск, пр. Зеленый, д. 63, 842431",2026-01-28
632,Симонова Тимофей Гурьевич,82484813004,grishinparamon@example.net,"к. Киржач, алл. Сельская, д. 2, 758646",2024-06-24
633,Ефимова Игнатий Георгиевна,8 348 110 5014,pantelemon1987@example.org,"ст. Горячий Ключ, пр. Лазурный, д. 6 к. 228, 751239",2025-01-08
634,Алексеева Таисия Эдуардович,8 (155) 426-0972,nestorsokolov@example.org,"с. Нязепетровск, пр. Леонова, д. 3/1 к. 2, 107308",2025-05-30
635,Владимиров Виталий Теймуразович,+77837031754,tarassokolov@example.org,"ст. Брянск, пер. Механизаторов, д. 3/7 к. 329, 468627",2024-03-24
636,Павлова Федор Ефимович,+7 766 420 7632,artem2018@example.org,"клх Уссурийск, пр. Марта 8, д. 35 к. 78, 906048",2025-08-30
637,Ершова Никодим Кузьминична,+7 (205) 534-0508,olimpiadamedvedeva@example.net,"к. Шамары, пр. Иркутский, д. 653 к. 8/1, 897755",2024-07-09
638,Уваров Гордей Артемьевич,80384227362,nadezhda1984@example.org,"п. Домодедово, ул. Веселая, д. 875 к. 2/8, 620429",2025-09-30
639,Данилов Мокей Ермилович,+78698305216,nikitinafaina@example.org,"п. Псебай, ш. Луговое, д. 742 стр. 8, 068017",2025-05-31
640,Петров Светлана Григорьевич,+7 637 050 04 93,dobroslavtihonov@example.com,"к. Октябрьский (Башк.), алл. Урожайная, д. 3/5 стр. 7/4, 839065",2024-07-18
641,Веселов Аркадий Иларионович,89851939327,polinakoroleva@example.net,"д. Геленджик, алл. Тельмана, д. 749 к. 726, 652728",2026-03-07
642,Кулаков Лазарь Гертрудович,87499507088,aeliseev@example.com,"ст. Прохладный, алл. Красная, д. 319, 221543",2026-01-27
643,Шилов Амос Дорофеевич,8 (909) 322-5333,agatakondrateva@example.org,"г. Бавлы, ш. Грибоедова, д. 6, 193545",2026-05-05
644,Савельев Ананий Трофимович,88884393332,iosif62@example.net,"г. Углегорск, наб. Камская, д. 524, 290759",2025-02-09
645,Дьячкова Лонгин Геннадиевна,89201237631,rodion1991@example.net,"п. Бологое, пр. Саратовский, д. 2, 759192",2024-03-16
646,Рожков Николай Артемьевич,+7 (175) 362-6475,raisaevdokimova@example.com,"г. Дмитров, ул. Шмидта, д. 173 стр. 399, 524032",2026-06-09
647,Гусев Вацлав Ильич,+7 (550) 514-3219,petuhovizot@example.net,"с. Чокурдах, бул. Казачий, д. 8 к. 55, 218834",2026-02-10
648,Носков Евдокия Михайловна,8 (192) 048-7706,alevtina1996@example.net,"п. Зеленоград, пер. Парижской Коммуны, д. 2 стр. 1, 578464",2023-09-07
649,Харитонов Спиридон Евгеньевна,8 (588) 382-5672,lmoiseeva@example.org,"с. Гремячинск (Перм.), пер. Радужный, д. 5 стр. 65, 962822",2024-03-21
650,Соколов Милий Руслановна,+7 825 624 72 86,haritonmishin@example.com,"г. Зеленогорск (Ленин.), алл. Бульварная, д. 349, 096627",2023-08-10
651,Зыков Всеволод Трифонович,+7 450 956 3217,anzhelika00@example.net,"г. Вендинга, алл. Высоковольтная, д. 4 стр. 32, 711936",2023-06-18
652,Тарасов Ираида Федосеевич,+7 827 705 6461,dzimina@example.com,"с. Лесной (Сверд.), бул. 40 лет Октября, д. 609, 723461",2025-04-30
653,Александрова Парамон Виленович,+7 (133) 610-9441,imoiseev@example.org,"к. Кыштым, ул. Курортная, д. 3/8 к. 7/9, 760634",2026-01-03
654,Денисов Кузьма Григорьевна,+7 461 755 1887,beljaevapolina@example.net,"к. Ишим, алл. Лунная, д. 57, 417234",2024-11-27
655,Логинова Пахом Игнатьевич,+7 (869) 479-0254,moise_2020@example.org,"с. Устюжна, ул. Бригадная, д. 3/4 стр. 5/2, 095385",2026-02-06
656,Силин Лонгин Павловна,+72164359900,samsonlukin@example.org,"г. Мезень, ш. Халтурина, д. 843 к. 5, 706618",2025-05-11
657,Селиверстова Антонина Иларионович,8 467 263 68 15,iraida18@example.com,"п. Семлячики, бул. Ольховый, д. 508 к. 1, 860435",2025-03-10
658,Устинова Прасковья Федотович,+7 503 374 6983,aleksandrafanasev@example.com,"г. Пинега, бул. Киевский, д. 32 к. 7/8, 190878",2026-03-11
659,Самойлов Сильвестр Игнатович,+7 (859) 067-3963,ekaterina28@example.net,"г. Можга, наб. Рабочая, д. 3 стр. 81, 486186",2026-05-05
660,Доронин Мария Аксёнович,8 632 016 29 07,fomasavin@example.org,"с. Голицыно, алл. Правды, д. 4 стр. 27, 086494",2024-03-02
661,Лазарева Онуфрий Ермолаевич,+7 (039) 831-35-49,makarovaija@example.com,"г. Оленек, алл. Вишневая, д. 9 стр. 4/1, 498243",2025-10-29
662,Панфилова Соломон Степановна,+73021781678,blinovamarina@example.net,"клх Гагарин, бул. Интернациональный, д. 364 к. 450, 017092",2025-03-11
663,Кириллов Агафья Анатольевич,8 (030) 880-81-72,hpetuhov@example.org,"клх Майкоп, ш. Энгельса, д. 307 к. 3, 411680",2025-03-28
664,Карпова Христофор Брониславович,86127662080,vsevolod_1971@example.org,"г. Игарка, алл. Путевая, д. 5 к. 75, 458701",2024-03-13
665,Горшкова Автоном Робертовна,+72425369091,elenaribakova@example.com,"п. Усть-Илимск, пер. Микрорайон, д. 1/4 к. 8/1, 436524",2023-08-14
666,Рогов Милован Гурьевич,8 481 875 40 36,sokrat82@example.org,"с. Кош-Агач, наб. Энергетическая, д. 7/3 стр. 42, 066799",2025-09-08
667,Ермаков Орест Владимировна,+7 259 497 22 04,eleonoranazarova@example.com,"с. Фатеж, алл. Заречная, д. 7/7 стр. 779, 356999",2026-03-27
668,Медведева Герман Оскаровна,88335876887,radim2011@example.org,"г. Малоярославец, алл. Краснопартизанская, д. 90, 931539",2025-09-07
669,Щербаков Олимпиада Рудольфовна,81226000144,lapinaoktjabrina@example.com,"ст. Мезень, бул. Моховой, д. 249 стр. 24, 389752",2026-02-21
670,Субботин Тихон Васильевич,+7 998 656 4224,suhanovajulija@example.net,"д. Ишим, наб. Инженерная, д. 797, 919489",2025-02-21
671,Красильникова Владлен Болеславовна,8 (056) 820-1753,tretjakovaemilija@example.com,"д. Руза, наб. Ильича, д. 14 стр. 4, 741253",2023-09-30
672,Колесников Варвара Харлампьевич,85610077732,chernovmili@example.org,"г. Чайковский, алл. Трудовая, д. 25 стр. 88, 370342",2024-09-08
673,Хохлов Леонид Филатович,+78904760786,elenaveselova@example.org,"с. Москва, МГУ, ш. Мостовое, д. 1/9, 173289",2024-11-30
674,Беляков Богдан Ильич,8 340 918 58 05,tihon_11@example.com,"к. Южноуральск, бул. Нефтяников, д. 29 к. 1/8, 004093",2023-06-29
675,Ефремов Майя Жоресович,+71840398221,akim_2016@example.org,"ст. Железногорск(Курск.), бул. Вокзальный, д. 68 стр. 5/1, 880265",2024-02-09
676,Гаврилова Ювеналий Игоревич,+7 646 933 35 62,apollonteterin@example.org,"к. Анива, пер. Цветочный, д. 8/1 стр. 1/3, 199184",2024-05-20
677,Герасимов Богдан Германович,+7 (661) 158-48-58,aleksandrovagalina@example.com,"клх Голицыно, пер. Шолохова, д. 347, 053970",2025-06-18
678,Гущина Самсон Егорович,8 447 082 3171,nikita19@example.net,"д. Курчатов, ш. Вахитова, д. 7/3 к. 3/4, 960530",2024-01-10
679,Комиссаров Пелагея Артёмович,8 (402) 578-7036,oleg_1973@example.com,"п. Байкальск, пр. Волочаевский, д. 1/6 к. 228, 409891",2023-06-27
680,Лазарева Ермолай Андреевич,81203025209,martjan23@example.com,"клх Шарья, алл. Боровая, д. 16 к. 798, 275745",2024-07-14
681,Боброва Ким Вениаминовна,+7 (054) 894-45-38,ilinfedosi@example.org,"к. Ярославль, пер. Ульяновский, д. 5 к. 7, 229521",2025-07-15
682,Попова Яков Антипович,8 660 361 6248,csemenov@example.org,"ст. Елатьма, пр. Юбилейный, д. 63 к. 658, 153017",2024-06-01
683,Мухина Евфросиния Евгеньевна,+7 671 560 58 79,davidovavasilisa@example.org,"г. Карталы, пер. Энгельса, д. 8, 064531",2026-05-01
684,Тихонова Лучезар Фролович,80571918986,vseliverstova@example.com,"с. Набережные Челны, ул. Белорусская, д. 85 к. 9, 680570",2024-03-24
685,Копылова Илья Макаровна,8 (718) 430-19-22,eliseevamaja@example.com,"п. Калачинск, бул. Серафимовича, д. 42, 440282",2024-10-22
686,Хохлова Изяслав Владиславович,8 769 924 27 73,elenamolchanova@example.net,"г. Дербент, бул. Саратовский, д. 591, 169332",2025-08-19
687,Сафонов Клавдий Викентьевич,+7 (471) 998-2907,ljubim_15@example.com,"с. Березники, наб. Спартака, д. 438 к. 700, 332262",2023-12-26
688,Мясников Семен Фролович,8 (331) 680-66-47,strelkovaninel@example.org,"г. Когалым, ш. Строительное, д. 6 к. 99, 241074",2023-09-01
689,Зыкова Влас Эдгарович,+70675826762,filaret_06@example.org,"п. Пинега, ш. Тукая, д. 7, 614974",2024-10-11
690,Лыткин Чеслав Ждановна,83183997984,sidorovemmanuil@example.net,"д. Юровск, ш. Матросова, д. 449 к. 76, 322394",2025-01-21
691,Осипов Варлаам Бориславович,+7 (898) 115-94-85,ipatisokolov@example.org,"клх Североуральск, бул. Ростовский, д. 93 к. 8, 225678",2026-05-26
692,Гусев Селиверст Якубович,8 (822) 378-8705,kornil_1974@example.com,"клх Бузулук, алл. Ореховая, д. 7 стр. 8, 605867",2026-02-02
693,Яковлева Карп Степановна,8 383 097 23 61,djachkovasofija@example.org,"г. Оренбург, алл. Набережная, д. 665 к. 8, 457865",2024-10-31
694,Потапова Полина Ильясович,8 (512) 476-40-00,cbogdanova@example.com,"к. Березники, ул. Зои Космодемьянской, д. 6/5 к. 2, 244418",2025-12-10
695,Фокин Юлий Ерофеевич,+7 233 868 6083,rjurik_01@example.com,"с. Калязин, пер. Победы, д. 3, 860205",2023-08-24
696,Крылова Тимур Оскаровна,8 (309) 413-4909,epetuhova@example.net,"ст. Чайковский, алл. Абрикосовая, д. 3 к. 2, 569480",2024-09-16
697,Красильникова Лукьян Анатольевич,8 (356) 748-09-57,filippmaksimov@example.net,"д. Яр-Сале, ул. Казачья, д. 1/3 стр. 5, 031589",2024-01-13
698,Голубева Мариан Елисеевич,80734203197,savva1989@example.net,"к. Шуя, ул. Некрасова, д. 586 к. 13, 958684",2023-11-21
699,Одинцов Филимон Владиленович,+7 (326) 058-6942,pantelemon2002@example.com,"ст. Сасово, бул. Центральный, д. 7/3, 151817",2025-09-27
700,Петухов Сидор Ерофеевич,+7 (655) 946-98-90,jbobileva@example.org,"клх Добрянка, бул. Монтажников, д. 979, 223790",2023-08-04
701,Кулагина Лидия Тимуровна,8 548 708 47 79,ksenija_41@example.net,"с. Можайск, алл. Сибирская, д. 873 к. 259, 790894",2025-01-04
702,Журавлева Сократ Рудольфовна,8 268 384 88 76,stanislavlebedev@example.org,"с. Валаам, алл. Маркса, д. 121, 188129",2026-03-11
703,Виноградова Тимур Ефимовна,8 182 070 66 90,vasilevradovan@example.net,"с. Домодедово, пер. Средний, д. 9/4 стр. 94, 497035",2023-08-17
704,Иванова Пантелеймон Зиновьевич,8 (896) 833-55-70,prov1986@example.net,"ст. Кежма, наб. Ворошилова, д. 1, 705218",2025-06-22
705,Данилова Ян Константиновна,+7 (844) 404-5883,litkinbazhen@example.com,"с. Белокуриха, бул. Кузнечный, д. 63 стр. 936, 156891",2023-08-07
706,Антонова Фортунат Феоктистович,8 (978) 023-44-56,kuzma_1987@example.com,"г. Кирово-Чепецк, бул. Войкова, д. 1 к. 363, 737831",2024-12-12
707,Сысоева Фортунат Эдуардович,8 729 273 1868,andrekuzmin@example.net,"д. Нягань, бул. Свободы, д. 43 стр. 24, 518548",2024-06-28
708,Князев Фортунат Федоровна,8 073 446 74 62,konovalovfilipp@example.com,"клх Суздаль, бул. Донской, д. 2/8 к. 350, 181698",2023-09-29
709,Шубина Анжела Ермилович,+7 344 760 94 83,radim1989@example.org,"д. Пинега, бул. Тульский, д. 30 к. 6/1, 218366",2025-05-12
710,Крылов Родион Валериевна,8 666 102 56 34,aleksandrakuzmina@example.org,"к. Эльбрус, пер. Вокзальный, д. 737 стр. 86, 901779",2023-09-30
711,Петухов Макар Евгеньевна,+74614409233,arseni_74@example.com,"к. Дивногорск, ш. Интернациональное, д. 486 к. 3/7, 199569",2026-02-18
712,Кулаков Марк Владимировна,+7 (277) 641-49-00,trofimmarkov@example.org,"к. Богучар, бул. Снежный, д. 5 стр. 9, 722883",2025-11-15
713,Моисеев Август Харитонович,+7 (314) 546-1574,gennadiefimov@example.org,"клх Чехов, пер. Ульянова, д. 4 к. 520, 954377",2026-03-16
714,Якушев Платон Богданович,8 (308) 580-0187,borislavnikiforov@example.org,"г. Бодайбо, алл. Седова, д. 9/7 к. 11, 818710",2026-01-20
715,Корнилов Дарья Дмитриевна,8 (564) 257-0680,nataljabirjukova@example.net,"ст. Бронницы, наб. Республиканская, д. 70 к. 402, 286550",2026-04-24
716,Красильникова Макар Яковлевна,+7 (241) 142-06-67,orlovalarisa@example.org,"клх Чехов, алл. Степная, д. 466 стр. 38, 224005",2024-06-04
717,Осипов Фрол Гаврилович,+7 (056) 201-90-11,isalukin@example.com,"д. Вологда, алл. Локомотивная, д. 3, 132394",2024-11-12
718,Щербакова Остап Еремеевич,8 234 286 4497,akostina@example.org,"с. Калуга, алл. Трактовая, д. 4 к. 8/8, 498529",2025-06-12
719,Кулаков Игнатий Трофимович,+7 526 655 91 47,kfokina@example.com,"д. Пушкино (Моск.), наб. Гвардейская, д. 8 к. 4, 695247",2024-08-03
720,Устинов Таисия Феодосьевич,8 353 896 2985,gerasimkalinin@example.org,"д. Ейск, ул. Титова, д. 2/3 к. 7/4, 543468",2024-11-01
721,Галкина Сидор Федотович,+7 (906) 168-2497,jakovkoshelev@example.net,"г. Новгород Великий, бул. Громова, д. 916, 710307",2024-04-28
722,Осипов Савватий Тарасович,+7 720 148 9678,naumovavera@example.com,"г. Гусь-Хрустальный, наб. Розы Люксембург, д. 59, 625429",2026-02-17
723,Носов Григорий Михайловна,+75633917299,avtonom36@example.net,"клх Выборг, бул. Красных Партизан, д. 5/8, 967068",2024-05-23
724,Прохоров Ерофей Гурьевич,81016125901,tignateva@example.org,"ст. Ведено, алл. Инженерная, д. 5, 767348",2023-11-12
725,Тарасов Кондрат Юрьевна,88410167930,maksimovtihon@example.org,"г. Липецк, бул. Народный, д. 304 стр. 928, 616801",2026-01-29
726,Федоров Эраст Денисович,+72134854842,nikitinalarisa@example.org,"г. Сосногорск, бул. Гаражный, д. 2/4 стр. 1/2, 711713",2024-01-06
727,Кудряшова Юлия Бориславович,84024702881,vadim12@example.net,"к. Дербент, бул. Линейный, д. 86 к. 8, 463913",2025-10-17
728,Воробьев Богдан Егоровна,8 (491) 619-42-32,shestakovkondrati@example.org,"г. Нарткала, наб. Больничная, д. 7/3, 168455",2024-02-24
729,Шестаков Любомир Руслановна,8 (410) 254-71-79,eduard_2017@example.net,"с. Охотск, наб. 1 Мая, д. 10 стр. 2, 675635",2024-12-26
730,Морозова Элеонора Ерофеевич,+7 (271) 726-62-56,aleksandr_46@example.org,"клх Баксан, наб. Прохладная, д. 730, 240871",2023-06-17
731,Кондратьева Авдей Егоровна,8 689 041 72 82,voronovanadezhda@example.org,"г. Нижний Новгород, алл. Казачья, д. 92 стр. 32, 408475",2024-02-06
732,Блинов Степан Ильясович,89940041084,ernest2024@example.org,"ст. Волоколамск, ул. Лазурная, д. 1 стр. 4, 722892",2023-06-21
733,Савин Поликарп Валерианович,8 780 978 3028,jakushevaanzhela@example.org,"д. Луховицы, наб. Харьковская, д. 2 стр. 3, 447867",2024-08-30
734,Вишнякова Наталья Даниловна,+7 (802) 188-93-06,mechislavchernov@example.net,"с. Усть-Ордынский, ш. Пограничное, д. 41 стр. 5/4, 990558",2024-10-24
735,Красильникова Мечислав Эдгарович,8 994 084 2906,ojakovleva@example.org,"п. Тосно, ш. Карла Либкнехта, д. 161 стр. 6/7, 337457",2023-08-16
736,Лаврентьев Борис Жоресович,+7 (761) 368-14-98,kudrjavtsevaljudmila@example.org,"п. Сосьва (Хант.), пр. Приморский, д. 5/5 стр. 8, 250842",2024-06-17
737,Бобров Октябрина Димитриевич,+7 (348) 004-17-24,molchanovmaksimiljan@example.com,"д. Всеволожск, пер. Титова, д. 8 к. 1, 279602",2024-08-14
738,Зиновьев Григорий Филимонович,+7 333 295 9452,borismarkov@example.net,"п. Баргузин, ул. Казачья, д. 7/3 к. 272, 429220",2024-09-21
739,Авдеев Боян Фомич,8 (215) 392-6693,averki1996@example.org,"ст. Аршан (Бурят.), ул. Камская, д. 18, 850220",2025-03-20
740,Громова Валентин Владимировна,+7 193 335 9379,borislav2011@example.org,"клх Апатиты, бул. Пугачева, д. 2/7, 256471",2025-08-16
741,Зиновьев Нонна Ильич,84079923045,vsemilkononov@example.org,"клх Ямбург, пр. Фабричный, д. 6 к. 5/8, 370194",2024-12-08
742,Мельникова Евсей Георгиевна,+7 177 666 50 52,anzhelika2021@example.com,"г. Чайковский, пер. Дальний, д. 8, 619022",2024-06-26
743,Давыдова Архип Валентинович,8 787 067 63 53,viktorijalazareva@example.net,"д. Новомичуринск, алл. Мостовая, д. 96 стр. 9, 637114",2024-02-01
744,Ефремов Эрнст Георгиевич,+7 003 753 9892,afanasinikitin@example.org,"к. Шатой, бул. Р.Люксембург, д. 7/4 стр. 97, 178376",2024-11-23
745,Баранов Филарет Измаилович,+7 (820) 114-0652,sustinov@example.org,"ст. Кетченеры, ул. Средняя, д. 3/5 к. 6, 375656",2026-01-18
746,Бирюков Рюрик Дорофеевич,8 (784) 962-2494,vissarion_04@example.com,"г. Псебай, алл. Правды, д. 7 стр. 2, 062767",2024-03-14
747,Сысоева Эдуард Даниилович,8 097 934 4212,antonovpolikarp@example.net,"п. Домодедово, наб. Журавлева, д. 9/1, 579725",2023-12-07
748,Логинов Спиридон Матвеевна,+7 703 398 2147,ekaterina_1979@example.org,"клх Ельня, ул. Просторная, д. 2 стр. 8/7, 063632",2025-08-26
749,Власов Парфен Абрамович,+7 122 008 48 42,qprohorova@example.net,"ст. Катав-Ивановск, ш. Микрорайон, д. 1/9 к. 78, 136054",2026-01-07
750,Константинова Конон Феодосьевич,82085649013,ivannaefremova@example.com,"к. Белогорск (Амур.), ш. Советское, д. 515 стр. 2/8, 808038",2025-08-09
751,Антонова Флорентин Руслановна,+7 441 040 4315,gmamontov@example.com,"ст. Набережные Челны, пер. Пушкинский, д. 9, 747558",2023-08-26
752,Михайлов Евсей Григорьевна,+7 168 564 7177,kallistrat_1972@example.org,"с. Волхов, пер. Логовой, д. 2/7 к. 915, 686119",2025-11-13
753,Ларионова Рюрик Яковлевна,8 759 833 26 17,molchanovalidija@example.org,"к. Калачинск, наб. Ленинградская, д. 7 к. 8, 853533",2025-11-24
754,Никитина Валерия Сергеевна,8 (242) 662-1775,anike_1974@example.net,"с. Ростов-на-Дону, пр. Снежный, д. 330 стр. 4, 727669",2025-10-27
755,Зуев Анжелика Дмитриевич,8 150 252 8546,merkushevizjaslav@example.org,"г. Тюмень, пр. Кедровый, д. 973 стр. 87, 711842",2024-10-17
756,Исакова Владимир Олеговна,8 (863) 090-07-12,vasilevvjacheslav@example.net,"п. Магнитогорск, наб. Восьмого Марта, д. 60 стр. 8/8, 961997",2023-11-25
757,Артемьев Назар Мироновна,86566764099,pbogdanova@example.org,"г. Анадырь, бул. Осипенко, д. 52 стр. 66, 793221",2025-11-26
758,Некрасова Афиноген Дорофеевич,+7 (907) 054-7360,mironovsemen@example.net,"к. Ачинск, бул. Гаражный, д. 316 стр. 1/1, 265893",2026-04-14
759,Кулакова Казимир Фролович,8 978 335 4883,seliverst_19@example.org,"д. Печенга, пер. Социалистический, д. 7 к. 78, 432031",2025-07-17
760,Матвеев Иванна Эльдаровна,8 652 824 68 54,polinaagafonova@example.org,"г. Асино, бул. Малый, д. 186 стр. 146, 190854",2024-04-28
761,Попова Гаврила Валентинович,8 303 356 36 93,beljaevaanastasija@example.org,"д. Шали, алл. Песчаная, д. 9/2 стр. 148, 835415",2025-10-01
762,Белякова Эмиль Гавриилович,80930437661,pankratikarpov@example.org,"п. Джейрах, бул. Карла Либкнехта, д. 559 стр. 5/8, 531105",2026-05-02
763,Фомичева Трофим Гордеевич,+7 (096) 739-7984,antoninanaumova@example.net,"п. Ребриха, алл. Монтажников, д. 6/1 стр. 767, 187762",2026-03-28
764,Киселева Тарас Харитоновна,+7 (636) 885-0162,oleg1981@example.net,"с. Рыльск, пр. Заречный, д. 77 к. 365, 898907",2024-09-04
765,Пономарева Фома Демидович,8 981 255 9777,ninamarkova@example.net,"к. Аргаяш, ш. Енисейское, д. 9 стр. 250, 171657",2025-10-13
766,Мельников Фортунат Борисовна,+7 295 651 88 71,odintsovleon@example.net,"г. Новочеркасск, ул. Воронежская, д. 5, 878757",2023-08-26
767,Абрамов Ярослав Ефимовна,+7 293 011 2501,nikifor_2012@example.org,"п. Холмск, пр. Чайковского, д. 32, 369318",2023-07-04
768,Ширяев Нестор Анатольевич,+7 730 242 6624,mihail1986@example.com,"клх Муром, ш. Звездное, д. 5 к. 6/7, 406873",2024-12-23
769,Кошелев Анжела Димитриевич,8 345 146 6886,sofon_34@example.net,"д. Киржач, наб. Карла Либкнехта, д. 86 стр. 76, 853207",2025-06-13
770,Богданова Михаил Харитонович,+7 894 326 9834,ilja69@example.net,"к. Апшеронск, ш. Маяковского, д. 1 стр. 1, 846720",2023-08-28
771,Карпов Ратмир Елисеевич,+7 (939) 077-37-29,kasjan_50@example.org,"с. Джубга, пер. 60 лет Октября, д. 350 к. 145, 814353",2023-09-18
772,Одинцова Вышеслав Фомич,84337953111,zhannaprohorova@example.com,"ст. Завьялиха, наб. Брянская, д. 5/3 к. 7/3, 108573",2025-09-08
773,Титова Евдоким Никифоровна,8 545 146 0919,ljubomirbelov@example.org,"к. Новороссийка, ш. Проточное, д. 1/7 к. 37, 673374",2025-01-28
774,Рогова Валентин Викентьевич,+7 575 626 41 26,kopilovazoja@example.net,"с. Ессентуки, пер. Привокзальный, д. 4/2, 303995",2023-10-02
775,Копылова Поликарп Эдгарович,+7 450 599 8226,zosima2016@example.org,"к. Киржач, пер. Партизанский, д. 9 стр. 2, 202593",2025-02-21
776,Гурьев Лаврентий Андреевич,+7 (823) 134-27-55,narkis2001@example.org,"клх Надым, пер. Железнодорожный, д. 5 к. 91, 436953",2023-10-19
777,Афанасьева Андрей Ивановна,+7 (977) 115-06-29,blohinruslan@example.net,"ст. Невельск, пр. Горняцкий, д. 28, 291087",2024-05-30
778,Никифоров Ян Владиленович,+7 983 691 57 37,esavina@example.org,"п. Хабаровск, бул. Микрорайон, д. 1/8 стр. 6, 530445",2023-08-28
779,Носкова Автоном Вячеславович,+7 268 387 8903,alina50@example.org,"с. Переславль-Залесский, алл. Коммунистическая, д. 1, 467541",2025-09-20
780,Воронова Лукия Виленович,+7 (688) 101-3827,anzhelavasileva@example.com,"п. Лазаревское, ул. Сиреневая, д. 3 к. 20, 882532",2023-07-28
781,Ильина Ульяна Павловна,+7 (168) 163-6038,kulaginsamuil@example.org,"с. Тихвин, бул. Фрунзе, д. 7/8 стр. 10, 521410",2025-06-15
782,Сысоев Авксентий Валентинович,8 348 508 95 12,ratmirivanov@example.net,"ст. Выборг, ш. Тихое, д. 5 стр. 5, 697296",2024-11-25
783,Гуляев Мартьян Юльевна,+7 927 671 37 71,sidor_1998@example.org,"д. Новгород Великий, ул. Элеваторная, д. 7/8 к. 60, 737138",2025-09-02
784,Михеева Самсон Ермилович,+7 223 461 4466,polinarodionova@example.org,"к. Вытегра, ш. Л.Толстого, д. 2/5, 152483",2023-12-02
785,Евсеев Эмиль Алексеевна,8 364 704 65 68,gnikitina@example.com,"с. Усть-Илимск, ш. Камское, д. 904 стр. 47, 315922",2025-12-18
786,Коновалова Викентий Ефимовна,+7 (706) 593-41-04,melnikovaveronika@example.net,"д. Сеймчан, алл. Депутатская, д. 8, 830181",2025-05-03
787,Пономарева Ирина Сергеевна,8 075 789 84 97,foma97@example.net,"п. Двинской, пр. Свободный, д. 748, 658189",2025-09-17
788,Ершов Вероника Августович,8 173 563 16 31,feklasuvorova@example.com,"ст. Избербаш, ш. Зои Космодемьянской, д. 569 стр. 4/8, 193899",2025-12-05
789,Шаров Аполлинарий Архиповна,+7 (013) 071-67-53,valerijakolesnikova@example.org,"г. Кондопога, пр. Ворошилова, д. 1, 490372",2025-12-30
790,Галкина Мир Ерофеевич,8 858 356 3998,stepanovsvetozar@example.com,"п. Москва, МГУ, ул. Бабушкина, д. 2 к. 95, 476212",2024-03-27
791,Юдина Онуфрий Алексеевич,+7 863 994 54 13,ipati_1991@example.org,"с. Кедровый, пер. Харьковский, д. 779, 909645",2025-11-25
792,Гущин Тимофей Венедиктович,+70899217735,gavrilovoleg@example.net,"п. Кашира, пр. Хуторской, д. 8/1 стр. 3/2, 340242",2026-03-16
793,Веселова Данила Власович,+71983063236,leon_01@example.net,"к. Курильск, наб. Поперечная, д. 30, 350947",2025-03-10
794,Котова Милий Бенедиктович,+7 861 564 09 94,nikiforovserafim@example.com,"п. Снежинск, наб. Чехова, д. 64, 908261",2026-04-11
795,Баранов Эмилия Адрианович,+7 (565) 942-9920,zhannaarhipova@example.com,"д. Ревда (Сверд.), алл. Славянская, д. 4 стр. 78, 941183",2026-01-10
796,Морозов Евпраксия Григорьевна,+7 (424) 240-6628,kasjanisakov@example.org,"клх Томпа, пер. Угловой, д. 44 стр. 6/2, 694086",2024-12-23
797,Шестаков Константин Еремеевич,+7 (826) 928-5507,elizar50@example.net,"ст. Устюжна, пер. Королева, д. 8 стр. 739, 453591",2025-06-09
798,Прохоров Онуфрий Андреевич,+77188300995,vsemil88@example.com,"к. Щелково, пр. Репина, д. 7/8 стр. 8, 617069",2023-08-28
799,Терентьева Борислав Дорофеевич,87110384715,wkondratev@example.com,"г. Находка, пер. З.Космодемьянской, д. 1/2, 744923",2024-08-24
800,Аксенов Ираида Исидорович,86985045056,tzinoveva@example.net,"к. Минусинск, алл. Путевая, д. 78, 789257",2023-12-20
801,Субботина Ладимир Александрович,+7 (503) 857-62-64,askold_2012@example.com,"д. Костомукша, пр. Интернациональный, д. 4/6 стр. 4, 101278",2025-11-24
802,Цветкова Наркис Игнатьевич,+7 930 485 27 75,nazar_2021@example.com,"с. Мценск, алл. Больничная, д. 46 к. 5, 394689",2025-01-16
803,Овчинникова Ольга Никифоровна,+7 (318) 123-3576,arhipovanisim@example.com,"с. Малоярославец, ш. 70 лет Октября, д. 8/7 к. 36, 367850",2025-08-09
804,Шарапова Юрий Афанасьевна,87747594434,lukija_1992@example.org,"с. Сибай, ш. Береговое, д. 77 к. 7/9, 404207",2025-03-25
805,Рогов Руслан Артурович,+79753411573,aristarhefremov@example.net,"клх Баргузин, ш. Литейное, д. 765 стр. 9, 344538",2024-11-09
806,Ширяева Валерия Федосьевич,8 352 326 6000,ruben09@example.net,"г. Кострома, пер. Коммунаров, д. 2/2 к. 6/2, 815837",2024-08-12
807,Красильников Олег Артемьевич,+74776186870,margarita79@example.com,"д. Домодедово, пер. Юбилейный, д. 3 стр. 7, 995089",2023-09-23
808,Рыбакова Кирилл Владленович,+7 (302) 927-6405,svetozar39@example.net,"п. Бомнак, ул. Крылова, д. 931 к. 7/1, 747338",2025-12-13
809,Селезнев Будимир Филиппович,8 (524) 744-2035,kondrat10@example.net,"ст. Темрюк, бул. Космический, д. 2 к. 7/5, 741313",2024-12-30
810,Морозова Бажен Константиновна,+7 (025) 853-4658,shestakovepifan@example.net,"клх Глазов, пер. Чернышевского, д. 1 к. 2, 865581",2025-01-15
811,Пахомов Родион Романовна,82383193489,hohlovandronik@example.net,"д. Бодайбо, ш. Добролюбова, д. 34 к. 34, 959730",2025-12-08
812,Беспалова Нина Бориславович,+7 (185) 273-41-14,mborisov@example.org,"клх Новомичуринск, алл. Трактовая, д. 153 к. 50, 077811",2023-08-22
813,Лаврентьева Яков Павловна,8 598 455 76 63,ljubosmisl41@example.net,"п. Плесецк, ш. Черемуховое, д. 3 стр. 264, 061669",2023-11-01
814,Ковалев Аггей Рубеновна,8 (224) 216-8268,viktorijazimina@example.org,"клх Петушки, бул. Революции, д. 3/1, 479100",2024-11-27
815,Рыбаков Филарет Викентьевич,8 722 870 3220,kondratevaoktjabrina@example.com,"клх Губкин, ш. Орловское, д. 2/3 к. 2, 520580",2024-01-25
816,Русакова Акулина Ярославович,8 060 480 22 40,wsafonova@example.com,"с. Петрозаводск, пер. Пугачева, д. 590 стр. 989, 664301",2025-02-03
817,Матвеева Максим Ильич,8 238 878 88 76,paramon_99@example.org,"с. Беломорск, бул. Раздольный, д. 19 к. 913, 047947",2023-10-11
818,Борисова Прасковья Георгиевна,+7 380 351 4895,fedotromanov@example.net,"г. Чикола, ш. Индустриальное, д. 8 стр. 553, 283951",2025-03-06
819,Горбунов Савватий Егоровна,+7 953 267 0848,olimpi_2025@example.net,"с. Дудинка, алл. Нахимова, д. 92 стр. 18, 832353",2023-08-13
820,Зыкова Поликарп Яковлевич,8 (568) 467-6780,unaumov@example.net,"к. Лазаревское, наб. Шишкина, д. 3 стр. 435, 755592",2025-07-30
821,Федотова Кира Эдгардович,+78741148626,ljubomir2021@example.org,"с. Красноуфимск, алл. Флотская, д. 6/6 к. 556, 967896",2024-06-13
822,Соколов Марина Харитоновна,+7 935 820 1630,mishinmakar@example.net,"п. Лазаревское, алл. Бригадная, д. 34, 668098",2024-07-08
823,Миронова Поликарп Макаровна,+7 180 403 3480,djachkovmarian@example.org,"к. Тулпан, пр. Вахитова, д. 555 к. 7, 539260",2026-01-20
824,Лыткин Поликарп Евстигнеевич,8 272 053 64 99,kiselevemmanuil@example.net,"с. Саянск, бул. Сенной, д. 1 стр. 61, 383077",2024-11-19
825,Ильина Лучезар Викентьевич,+7 262 643 95 67,karl_1989@example.net,"с. Ухта, ш. Рабочее, д. 6/2 стр. 298, 755129",2026-04-27
826,Жданов Зинаида Ефимович,+7 492 531 64 98,reginamishina@example.net,"клх Холмогоры, наб. Щетинкина, д. 7/6 к. 6/1, 055494",2026-03-13
827,Гаврилов Лидия Егоровна,+73687715692,agatanikonova@example.net,"с. Пинега, алл. Победы, д. 653 стр. 8/2, 011547",2025-05-16
828,Наумова Иван Ермилович,84314872255,sidor1992@example.com,"п. Неплюевка, бул. Советов, д. 2 к. 9/6, 739523",2024-01-20
829,Гурьев Терентий Марсович,8 809 579 4758,lapinosip@example.com,"ст. Тутаев, бул. Пригородный, д. 36 к. 53, 040714",2025-02-21
830,Турова Христофор Феофанович,+7 479 734 18 55,andronik_83@example.com,"клх Печенга, ул. Кочубея, д. 739, 017590",2026-03-29
831,Потапова Андрон Бориславович,8 (067) 949-07-86,svetlanaveselova@example.com,"клх Ельня, бул. Радищева, д. 78, 635367",2024-06-17
832,Шарова Модест Константиновна,8 896 070 7228,ermil_1988@example.org,"ст. Нефтегорск (Самар.), ш. Каштановое, д. 414, 974274",2026-01-19
833,Князев Зосима Трофимович,+7 (579) 671-4803,haritonovaalla@example.com,"ст. Яр-Сале, ш. Радищева, д. 16 к. 35, 379412",2025-08-04
834,Виноградова София Терентьевич,8 911 223 21 42,gorde_61@example.org,"ст. Нальчик, ш. Фрунзе, д. 6/8 стр. 5, 532554",2024-08-27
835,Поляков Бажен Александровна,+7 851 367 38 05,anastasijaershova@example.net,"с. Рубцовск, наб. Сиреневая, д. 8 стр. 346, 014833",2024-06-21
836,Лукин Любомир Ануфриевич,+7 127 283 60 30,svetozar_2022@example.com,"с. Баргузин, пер. Комсомольский, д. 8/7 стр. 883, 295076",2026-03-22
837,Власова Святополк Арсенович,8 217 204 88 86,antip_2014@example.com,"ст. Цимлянск, ул. Космическая, д. 56, 649674",2023-11-26
838,Крылова Харитон Архипович,8 053 906 49 09,anzhela1971@example.org,"к. Галич, пер. Курчатова, д. 218 стр. 9, 368296",2025-05-31
839,Стрелков Автоном Елизарович,+7 (153) 193-62-52,agorbacheva@example.org,"с. Холмск, ш. Восточное, д. 6/5 стр. 429, 583843",2026-05-05
840,Антонова Януарий Архипович,+7 657 351 7454,nromanova@example.net,"г. Жигулевск, ул. Свободы, д. 912 стр. 23, 589799",2023-06-28
841,Ларионов Ефим Филипповна,87177170305,ckozlova@example.org,"п. Краснокамск, пр. Новый, д. 2 стр. 5/9, 895337",2025-01-28
842,Михеев Федот Валентинович,8 (767) 760-0643,ljubosmisl97@example.net,"клх Солнечногорск, ул. Курская, д. 52, 757451",2023-06-10
843,Киселева Ладислав Елисеевич,8 (094) 731-8156,gordeevalukija@example.com,"г. Сергиев Посад, ш. Терешковой, д. 8 стр. 2/2, 079764",2025-05-08
844,Савин Митофан Константиновна,8 657 289 7226,lavrseleznev@example.com,"ст. Карабудахкент, ул. 9 мая, д. 7 стр. 7, 669926",2023-09-23
845,Семенова Ерофей Васильевич,8 870 977 77 95,andron2021@example.net,"п. Октябрьский (Башк.), пр. Семашко, д. 27, 073512",2025-10-17
846,Дьячков Эдуард Всеволодович,+7 (068) 243-23-33,ustinovaveronika@example.org,"к. Оленегорск (Якут.), ш. Юности, д. 569, 069523",2024-11-20
847,Комарова Порфирий Тимурович,8 294 128 5370,ustinovamarina@example.com,"к. Тутончаны, ш. 50 лет Октября, д. 21 к. 642, 428053",2025-04-29
848,Некрасова Остап Ефимьевич,+7 (550) 786-88-78,rpavlov@example.org,"клх Чита, алл. Красногвардейская, д. 81, 195866",2024-04-29
849,Игнатьева Христофор Вадимовна,+7 (879) 872-87-31,gleb49@example.com,"д. Гаврилов-Ям, бул. Ветеранов, д. 5 к. 460, 288807",2023-06-16
850,Юдин Адам Артурович,+7 287 451 2022,mihalovapelageja@example.com,"к. Бомнак, наб. ДОС, д. 11 к. 7, 275015",2024-03-01
851,Блинова Онуфрий Леонидовна,87442036078,kuzma_83@example.org,"д. Сыктывкар, алл. Полтавская, д. 9/1, 014579",2024-02-03
852,Федотов Иван Трифонович,8 (148) 581-97-01,anike_19@example.com,"клх Дагомыс, пер. Карьерный, д. 2, 018285",2023-12-23
853,Панов Изот Максимовна,+7 (970) 493-79-58,fevronijaburova@example.org,"к. Гремячинск (Бурят.), пр. Ульяновский, д. 2/5, 075741",2024-10-03
854,Моисеев Добромысл Артемовна,8 (396) 262-59-18,izot_2017@example.org,"клх Цимлянск, бул. Химиков, д. 86 к. 3/5, 343549",2025-05-28
855,Попова Спартак Владленович,86571564380,emilijafomicheva@example.net,"к. Тында, ул. Чапаева, д. 84 стр. 1/1, 940916",2026-05-30
856,Меркушев Мина Давыдович,8 (624) 266-22-54,aleksandrapoljakova@example.com,"д. Вендинга, наб. Привокзальная, д. 852 стр. 21, 226414",2025-07-12
857,Одинцов Максим Борисовна,+7 018 429 3359,ninel_1988@example.com,"п. Чайковский, бул. Харьковский, д. 7 стр. 8/8, 539022",2025-04-09
858,Якушева Татьяна Владиславович,+77365003299,ignatevaaleksandra@example.net,"к. Серафимович, ул. Труда, д. 3 к. 9/8, 554042",2026-03-02
859,Крылов Ипат Трифонович,87920675493,levpestov@example.org,"к. Моршанск, бул. Казанский, д. 3, 835733",2025-08-11
860,Константинова Валерьян Гурьевич,+7 (073) 453-3023,gorehov@example.org,"ст. Сортавала, ул. Грибоедова, д. 37 к. 633, 516023",2024-01-01
861,Григорьев Макар Эльдаровна,+7 715 558 7094,dorofeevaviktorija@example.org,"с. Мезень, ул. Депутатская, д. 6, 253807",2025-08-20
862,Лазарева Афиноген Бенедиктович,+7 (505) 349-4197,mironovserge@example.com,"г. Павловский Посад, ш. Камское, д. 38 к. 7, 061621",2026-04-17
863,Комиссарова Глафира Антоновна,8 635 200 7615,kalininaviktorija@example.org,"д. Новороссийск, бул. Фадеева, д. 8/2 стр. 4, 608090",2023-11-26
864,Яковлев Аникей Еремеевич,8 103 927 88 88,beljakovcheslav@example.org,"ст. Павловская, ул. 50 лет Победы, д. 98 стр. 868, 185690",2024-12-05
865,Богданов Агата Ильинична,86568826728,popovaolga@example.org,"ст. Абинск, бул. Боровой, д. 8 стр. 83, 564078",2024-05-21
866,Воронова Милица Натановна,+7 830 697 8999,varfolome_45@example.com,"с. Валаам, пр. Мусы Джалиля, д. 1 к. 7/9, 751857",2023-11-13
867,Якушев Борислав Ефимьевич,8 605 956 3431,anisim_2012@example.net,"д. Домодедово, бул. Спортивный, д. 95, 653377",2025-06-27
868,Петров Иларион Кузьминична,+7 (167) 871-9261,kondrat_87@example.net,"ст. Волхов, наб. Коммунальная, д. 55, 500549",2023-07-28
869,Копылова Сильвестр Ниловна,+7 998 397 6738,samson_1979@example.com,"с. Качканар, алл. Детская, д. 48, 009143",2024-10-08
870,Максимова Глеб Ефремович,83074179965,ostromir62@example.net,"к. Волгодонск, пер. Репина, д. 62 стр. 67, 002230",2023-12-28
871,Зыкова Захар Ермилович,+7 567 712 5158,sharapovaivanna@example.org,"к. Братск, пр. Автомобилистов, д. 381 к. 39, 884479",2023-08-01
872,Кудрявцева Фортунат Тарасович,+7 (615) 276-9584,lazar20@example.org,"клх Усть-Катав, наб. Пирогова, д. 41, 371450",2024-05-26
873,Игнатова Афанасий Брониславович,8 (026) 691-4193,ypopov@example.org,"с. Видное, пер. Свободный, д. 399 стр. 7, 476883",2024-09-01
874,Силина Арсений Андреевич,+7 (414) 131-8118,nikiforovavksenti@example.com,"п. Можга, ул. 9 Января, д. 844 стр. 785, 940671",2024-09-11
875,Прохорова Вера Юлианович,8 (831) 031-45-64,savvati_22@example.com,"д. Курск, пр. Флотский, д. 833, 499987",2023-06-15
876,Бурова Эрнест Давыдович,+7 (913) 694-1264,ivanovnikandr@example.org,"с. Североуральск, алл. Ключевая, д. 757 к. 11, 089654",2025-03-03
877,Суханов Валентин Захарьевич,+7 (606) 400-4748,mgushchin@example.com,"д. Краснодар, ул. Павлика Морозова, д. 236 стр. 807, 177375",2025-11-17
878,Соболева Леонид Герасимович,+7 (078) 111-7196,petrovairina@example.net,"г. Курильск, наб. Дальняя, д. 6 к. 8/5, 338496",2026-06-03
879,Дементьев Мефодий Владиславович,+7 (917) 033-5300,jan99@example.org,"к. Качканар, пр. Боровой, д. 8/4 стр. 573, 248723",2025-10-27
880,Терентьева Милен Андреевна,8 539 276 87 14,strelkovilarion@example.com,"ст. Старая Русса, пр. Щетинкина, д. 660 стр. 9, 735792",2023-12-10
881,Николаев Майя Терентьевич,+7 (506) 989-35-46,oleg39@example.net,"г. Майкоп, бул. Чернышевского, д. 8 стр. 439, 271866",2025-12-01
882,Владимиров Георгий Захарьевич,+7 (905) 092-60-00,sharovvenedikt@example.net,"ст. Муром, ул. Карбышева, д. 497 к. 5, 213008",2025-08-13
883,Миронова Вышеслав Рудольфовна,+7 (846) 990-8672,erofebogdanov@example.org,"д. Гремячинск (Бурят.), бул. Ульянова, д. 66 к. 7, 922188",2024-01-07
884,Волков Вышеслав Фадеевич,+7 (186) 417-6130,evdokijatihonova@example.com,"д. Коломна, пер. Севастопольский, д. 2 к. 8/7, 032391",2025-11-13
885,Панов Наталья Игоревна,+7 (528) 267-12-69,romanloginov@example.com,"п. Мичуринск, пер. Зои Космодемьянской, д. 5, 843686",2025-08-06
886,Комиссарова Вениамин Валентинович,+7 433 064 09 80,feliks_77@example.org,"клх Нижневартовск, бул. Весенний, д. 3/8 стр. 1/3, 912046",2024-06-09
887,Ширяев Руслан Валентинович,8 266 032 35 84,beljakovaverjan@example.org,"клх Южноуральск, пер. Пожарского, д. 4/8 стр. 69, 955192",2024-07-09
888,Лихачев Маргарита Евстигнеевич,+7 117 367 03 86,ljudmilakarpova@example.net,"г. Волхов, наб. Мира, д. 43, 080563",2023-07-29
889,Русакова Октябрина Яковлевич,+7 (924) 828-73-21,belozerovaolimpiada@example.net,"п. Сарапул, бул. Войкова, д. 5, 220720",2023-09-17
890,Самсонов Яков Адамович,8 (428) 741-6279,nhohlova@example.net,"г. Енисейск, бул. Чернышевского, д. 6 стр. 600, 081948",2024-07-11
891,Сидоров Лора Валерьянович,8 230 036 07 22,ljubimpetrov@example.org,"клх Калачинск, наб. Морская, д. 4 стр. 6/4, 692809",2023-11-30
892,Зуева Павел Тихонович,+7 (166) 968-7403,avgustsidorov@example.com,"г. Ангарск, ул. Спартака, д. 5/8 к. 508, 580151",2025-07-09
893,Моисеев Орест Викторович,86280924115,filippovaakulina@example.net,"г. Каменномостский, наб. Тополиная, д. 6, 322805",2025-07-30
894,Блинов Трофим Филиппович,8 (435) 404-76-25,eduardgromov@example.org,"г. Мытищи, ш. Механизаторов, д. 9, 277888",2024-03-11
895,Федоров Олег Гурьевич,+7 748 903 04 58,averjan_2018@example.net,"ст. Урус-Мартан, ул. Некрасова, д. 42 к. 6, 592055",2025-11-01
896,Доронин Орест Захарьевич,8 (799) 113-79-83,rogovaksenija@example.com,"п. Саратов, наб. Крайняя, д. 960 к. 9, 015221",2024-04-23
897,Мишин Егор Мироновна,8 (960) 083-4761,praskovjakalashnikova@example.net,"клх Таганрог, пр. Веселый, д. 839 к. 27, 603387",2025-09-27
898,Мельникова Спартак Ильич,+7 (858) 986-81-84,firsabramov@example.com,"клх Хатанга, бул. Новый, д. 4/8, 999445",2025-05-28
899,Шарапова Елизавета Ефимовна,+74410769262,xantonova@example.com,"к. Сеймчан, пер. Приозерный, д. 1/5 к. 95, 985907",2026-01-06
900,Сафонова Ксения Борисовна,8 585 783 75 68,melnikovsamson@example.net,"к. Ачхой Мартан, ш. Союзное, д. 871 к. 7/2, 500788",2024-05-13
901,Пономарева Никанор Владиленович,+7 (338) 540-33-69,vladislav_85@example.net,"п. Верхний Баскунчак, ш. Пирогова, д. 4, 735514",2026-02-01
902,Никифоров Радим Евсеевич,80322347714,nkosheleva@example.com,"клх Новомосковск, наб. Чайковского, д. 1/3 к. 206, 413644",2024-12-20
903,Хохлов Феоктист Федоровна,8 (612) 189-39-12,evpraksija2019@example.org,"г. Самара, пр. Пушкинский, д. 32 стр. 60, 446853",2026-04-17
904,Самсонова Аверкий Дмитриевич,8 555 950 2635,fpopov@example.com,"ст. Кашхатау, бул. Болотный, д. 7/4, 460082",2026-05-23
905,Муравьева Оксана Демьянович,8 962 690 22 20,mstislav1992@example.net,"г. Серов, ул. Космодемьянской, д. 1/2 стр. 2, 003934",2024-10-02
906,Голубев Юлий Фокич,8 972 162 18 33,haritonzinovev@example.net,"д. Октябрьское (Хант.), пер. Братский, д. 405 стр. 371, 600822",2025-08-11
907,Суханова Игорь Фомич,8 (427) 054-98-57,terenti_2000@example.org,"с. Калязин, алл. Заводская, д. 926, 446658",2025-11-26
908,Егоров Любомир Павловна,+77609606472,mefodi25@example.com,"д. Смирных, наб. Шаумяна, д. 9/9 стр. 1, 094657",2025-06-06
909,Игнатьева Ратмир Антипович,8 129 889 72 84,militsagalkina@example.org,"с. Бреды, бул. Репина, д. 2 стр. 1/1, 371860",2024-11-10
910,Трофимова Никанор Никифоровна,8 880 316 64 79,aleksandra_12@example.com,"п. Кузнецк, пер. Ватутина, д. 55, 601991",2026-01-23
911,Блинова Федор Дорофеевич,8 (087) 017-0867,gromovdanila@example.org,"клх Волхов, ул. Ермака, д. 1 стр. 4, 689579",2025-01-19
912,Родионова Радислав Вилорович,+76105110900,antonin2025@example.org,"г. Игнашино, наб. Сосновая, д. 55, 239201",2023-06-28
913,Коновалов Евдокия Геннадьевна,8 (599) 747-53-96,cheslav_74@example.com,"п. Орел, бул. Отрадный, д. 50 стр. 264, 374051",2024-03-27
914,Фомичев Изяслав Семеновна,83766997681,anaumova@example.net,"с. Верхний Тагил, наб. Шоссейная, д. 9 к. 7, 449908",2023-09-08
915,Колобова Еремей Эльдаровна,8 862 405 7445,vorontsovajulija@example.net,"п. Красноярск, ш. Петровское, д. 3 к. 2/2, 108518",2024-07-02
916,Мельникова Остап Федосьевич,8 (985) 932-1359,gfrolov@example.net,"ст. Серафимович, бул. Выгонный, д. 9 стр. 302, 425972",2023-06-23
917,Владимирова Марк Игнатович,+78298781921,rjurik49@example.net,"к. Орск, наб. Локомотивная, д. 27, 847214",2025-04-07
918,Фомичев Богдан Гавриилович,8 (580) 452-92-67,gbelousova@example.net,"с. Набережные Челны, наб. Ворошилова, д. 8 к. 2, 401929",2026-05-19
919,Никонов Ермил Ааронович,8 962 751 9346,sofroneliseev@example.org,"ст. Лабытнанги, наб. Пушкина, д. 4/7 стр. 7, 156862",2026-06-09
920,Котова Влас Демидович,+7 706 594 8053,melnikovanani@example.org,"клх Малая Вишера, алл. Цветочная, д. 37, 186244",2025-05-19
921,Дьячков Милован Геннадиевич,+7 121 380 78 28,timur2021@example.org,"г. Морозовск, наб. Белинского, д. 9 стр. 7/4, 654180",2024-02-21
922,Гурьева Агата Афанасьевна,8 (252) 128-8669,sisoevalarisa@example.net,"д. Шерегеш, ш. Гоголя, д. 98 стр. 58, 052031",2026-04-15
923,Филатова Ефим Константиновна,+7 (988) 712-32-03,ysisoeva@example.net,"п. Саров (Морд.), пр. 30 лет Победы, д. 96 стр. 3, 287603",2024-01-28
924,Морозова Аверьян Харлампьевич,8 (834) 710-62-83,karlkabanov@example.net,"с. Королев, пр. Ангарский, д. 82 к. 1/1, 535859",2025-06-08
925,Ильин Ерофей Валерьянович,8 (322) 857-04-24,fadeevaviktorija@example.com,"к. Приморско-Ахтарск, пер. Главный, д. 8/1 стр. 2, 678815",2025-12-02
926,Петухова Пантелеймон Станиславовна,+76738656904,sofon46@example.com,"п. Избербаш, ш. Кирпичное, д. 94 стр. 6, 700623",2026-04-27
927,Назаров Юрий Жанович,89426407608,elise_01@example.org,"ст. Костомукша, пер. Кооперативный, д. 838 стр. 962, 356890",2024-10-19
928,Дроздова Трофим Артемьевич,+7 801 533 7435,bfomichev@example.org,"п. Тихорецк, ул. 8 Марта, д. 6/7 к. 8, 575959",2025-11-11
929,Турова Моисей Исидорович,+7 553 629 1714,mihail_1989@example.org,"п. Мичуринск, бул. Осипенко, д. 80, 165119",2026-02-11
930,Фомин Лора Бенедиктович,+75744520302,agafja1996@example.net,"п. Ардон, бул. Малый, д. 1 стр. 45, 124402",2025-12-01
931,Ермакова Евстигней Феодосьевич,+7 (409) 412-1805,ljudmilaarhipova@example.net,"клх Арзамас, ш. Дружба, д. 2 к. 33, 460189",2023-10-23
932,Данилов Юлия Гертрудович,+73485713399,lisakova@example.com,"г. Кажим, алл. Ленина, д. 21 к. 30, 381301",2024-09-02
933,Гришина Христофор Ефремович,8 (029) 890-8881,amelnikova@example.com,"п. Гдов, ул. Парковая, д. 41 стр. 75, 172366",2025-07-08
934,Моисеев Аполлинарий Натановна,+7 710 389 19 18,kornil1972@example.com,"п. Карачаевск, ул. Новгородская, д. 5, 607148",2025-06-16
935,Шаров Ульяна Изотович,+7 775 257 2316,viktorinkarpov@example.org,"клх Теберда, ул. Студенческая, д. 157 стр. 79, 066700",2024-11-27
936,Журавлева Чеслав Елисеевич,8 966 932 33 70,gorshkovavalentina@example.net,"ст. Арзамас, пр. Песчаный, д. 1 стр. 4/4, 343065",2025-09-17
937,Иванова Элеонора Ерофеевич,+78883923759,odintsovauljana@example.com,"д. Мураши, ш. Малое, д. 9 стр. 5, 513919",2025-03-24
938,Васильев Юлия Гордеевич,+78236788387,nikolashashkov@example.net,"п. Тутончаны, ул. Отрадная, д. 56, 584664",2025-08-21
939,Чернова Петр Харлампович,+71637120631,marian1993@example.org,"с. Ачинск, наб. Фурманова, д. 1, 144157",2024-03-12
940,Цветков Тихон Максимовна,+73611686114,bgordeeva@example.org,"г. Томари, алл. Ушакова, д. 655 стр. 7, 426836",2025-08-04
941,Панфилов Прасковья Семеновна,+7 (771) 403-4454,ferapont_56@example.com,"п. Алагир, ул. Красных Партизан, д. 82, 386974",2026-05-12
942,Маслова Владлен Бориславович,8 (368) 385-09-57,vishnjakovafaina@example.org,"ст. Шенкурск, ул. Плеханова, д. 1 стр. 713, 034848",2024-08-05
943,Комиссарова Евгений Петровна,8 (700) 627-95-95,timofeevdmitri@example.net,"к. Элиста, пр. Панфилова, д. 5 стр. 81, 627528",2023-06-22
944,Цветков Агап Фёдорович,+7 734 479 45 92,longinmuravev@example.org,"д. Киренск, пр. Медицинский, д. 2/1, 170781",2023-12-21
945,Третьякова Елена Григорьевна,+75761304948,budimir42@example.net,"клх Нижний Новгород, ш. Проезжее, д. 37, 567981",2026-03-30
946,Белов Емельян Викентьевич,8 564 771 15 88,angelinashchukina@example.net,"клх Троицк (Челяб.), наб. Станционная, д. 279 стр. 261, 644611",2025-11-30
947,Трофимов Силантий Ануфриевич,87542473885,zhannachernova@example.net,"д. Таганрог, ул. Весенняя, д. 9/9 к. 425, 512180",2025-10-12
948,Лукина Гремислав Владленович,8 799 096 66 02,petr_1994@example.net,"ст. Холмогоры, наб. Высоцкого, д. 764 стр. 11, 370907",2023-08-21
949,Туров Иннокентий Александровна,+7 886 693 2070,izmail_1988@example.net,"клх Салават, бул. Свободы, д. 7/3 к. 6/1, 445657",2024-01-02
950,Фокин Парфен Тихонович,8 419 828 1794,samson2009@example.com,"п. Меренга, ш. Шахтерское, д. 30 к. 3/7, 032645",2024-03-02
951,Гущина Мокей Феофанович,+7 (309) 074-0635,gorbunovsofon@example.com,"к. Смирных, бул. Серафимовича, д. 2 к. 95, 799005",2024-05-01
952,Воронова Нифонт Святославовна,8 933 276 33 42,sinklitikijafokina@example.com,"ст. Тосно, пр. Казачий, д. 37, 593103",2024-05-31
953,Фокин Майя Юрьевна,+7 089 423 4037,fedotovaevpraksija@example.org,"клх Горячинск, бул. Союзный, д. 6 стр. 2/3, 780473",2025-04-23
954,Никитина Варлаам Андреевна,8 176 968 0645,leon_42@example.org,"клх Улан-Удэ, пр. Авиационный, д. 5/1, 327396",2025-08-29
955,Владимиров Тарас Георгиевна,+7 (428) 839-0397,evpraksija2015@example.net,"г. Объячево, алл. Тракторная, д. 698, 551025",2023-06-28
956,Уваров Николай Феодосьевич,8 (606) 734-7671,ferapont98@example.com,"д. Черкесск, бул. Родниковый, д. 638 к. 34, 622155",2025-11-05
957,Брагин Светлана Демидович,8 (439) 639-94-95,averjan38@example.net,"ст. Лотошино, наб. Демьяна Бедного, д. 4 к. 970, 300210",2026-04-03
958,Горшкова Галактион Филипповна,8 (366) 325-67-32,evfrosinijabobrova@example.net,"д. Катайск, ул. Кузнецова, д. 1/2 стр. 109, 886607",2024-04-27
959,Тимофеев Олимпиада Фадеевич,+74789378595,budimir76@example.org,"с. Владимир, наб. Нефтяников, д. 604 к. 4/5, 694473",2026-05-14
960,Орлова Игорь Феоктистович,8 (052) 890-5665,zhdanovevgraf@example.com,"с. Верхотурье, пер. Р.Люксембург, д. 57 стр. 64, 968593",2025-07-30
961,Вишняков Андрон Владиленович,8 023 089 9646,ivannateterina@example.org,"к. Красногорск (Моск.), пр. Ворошилова, д. 31 стр. 156, 871088",2023-08-18
962,Нестеров Епифан Ефстафьевич,8 946 604 90 37,cmiheev@example.com,"клх Череповец, бул. Широкий, д. 2/3, 150396",2026-05-30
963,Филатов Лонгин Афанасьевна,8 819 004 15 89,ermolarjabov@example.com,"клх Петухово, ул. Главная, д. 6, 029573",2025-08-23
964,Соболев Автоном Аксёнович,+7 245 718 15 80,pmiheeva@example.org,"п. Петухово, ш. Королева, д. 255 стр. 793, 186717",2023-06-22
965,Лебедев Терентий Ефимовна,+79293285071,jsergeev@example.net,"ст. Дивногорск, ш. Омское, д. 6, 209400",2024-05-06
966,Комиссарова Самсон Кузьминична,+7 775 885 62 74,averjan_1996@example.com,"клх Иркутск, ш. Украинское, д. 730 к. 2, 571211",2025-10-18
967,Белов Петр Яковлевна,+7 811 239 93 30,lidijaefimova@example.net,"г. Рубцовск, алл. Донская, д. 6, 889109",2026-06-07
968,Калинина Никанор Борисович,86804505211,allaodintsova@example.org,"д. Горячий Ключ, ш. Бульварное, д. 580 к. 7, 819714",2023-08-08
969,Гусева Феврония Данилович,+76954495060,sidor_06@example.org,"к. Пермь, пер. Проточный, д. 1 к. 5/3, 142904",2026-01-28
970,Буров Мирон Захаровна,8 (625) 384-76-69,shashkovemil@example.com,"г. Павловская, пр. Кленовый, д. 2/8 к. 7, 902629",2025-05-02
971,Романов Никанор Валерианович,8 628 660 34 98,iraidakonstantinova@example.com,"клх Баргузин, пр. Павлова, д. 3/8, 402157",2024-01-01
972,Захаров Елисей Никифоровна,+7 (524) 235-25-60,galkinalidija@example.net,"г. Семлячики, ул. Коммунаров, д. 152, 353131",2025-08-18
973,Кононов Ким Фадеевич,+7 599 342 3221,eliseevaanzhelika@example.org,"клх Кингисепп, ул. Энергетическая, д. 940 стр. 9/4, 377982",2026-05-15
974,Тарасов Лазарь Руслановна,+7 (116) 823-13-79,boleslav_2004@example.org,"ст. Хасавюрт, алл. Чехова, д. 66 к. 9/7, 558774",2024-11-29
975,Щукин Владимир Гордеевич,+78882372544,vasilisakabanova@example.com,"г. Борзя, пер. Технический, д. 450 к. 6, 388287",2024-02-11
976,Назаров Аверьян Феоктистович,8 766 608 28 87,ljubim87@example.org,"клх Солнечногорск, алл. Мостовая, д. 96 к. 4, 526210",2025-06-25
977,Третьякова Лавр Архипович,+74301061445,fevronijaustinova@example.net,"к. Славгород, наб. Логовая, д. 81 к. 415, 349729",2025-04-11
978,Колобов Яков Аксёнович,+7 003 434 49 97,nonna_85@example.net,"клх Тутаев, пер. Звездный, д. 9/7 стр. 621, 794376",2024-05-16
979,Сидоров Софон Эдгардович,+79033122239,kapiton_80@example.com,"с. Каргасок, ул. Труда, д. 96 стр. 5/8, 740703",2025-02-24
980,Бирюков Никандр Рудольфовна,8 600 762 2821,sinklitikijaguseva@example.org,"ст. Углегорск, пр. Лесхозный, д. 3/7, 393304",2024-12-20
981,Лазарева Ангелина Феликсович,82066604853,korolevegor@example.com,"к. Тотьма, наб. Социалистическая, д. 784 стр. 2, 421063",2025-06-05
982,Колесникова Федосий Афанасьевич,8 (048) 364-81-16,foka_55@example.net,"п. Бугульма, алл. Тюленина, д. 41 стр. 4/7, 972767",2025-04-04
983,Кузнецова Спиридон Харламович,8 (593) 586-13-41,isa2010@example.org,"ст. Усть-Катав, пер. Строителей, д. 86, 339907",2025-03-01
984,Артемьев Викентий Аксёнович,+7 111 391 5480,kondrat23@example.com,"д. Енисейск, наб. Полевая, д. 708, 647904",2026-02-10
985,Данилова Василиса Борисовна,+7 573 806 79 96,galina1985@example.com,"г. Чермоз, пр. Стадионный, д. 823 стр. 56, 205869",2025-11-05
986,Филиппов Порфирий Евстигнеевич,8 971 557 9327,averjan1978@example.org,"клх Южно-Сахалинск, ш. Ульянова, д. 4/3, 096856",2025-08-07
987,Власова Устин Антоновна,8 (610) 859-7358,ekondrateva@example.net,"клх Каменномостский, наб. Городская, д. 1/3 к. 4/3, 676596",2024-07-23
988,Агафонов Нина Ярославович,8 (669) 494-71-55,kirkrasilnikov@example.com,"клх Астрахань, бул. Карьерный, д. 1 стр. 4, 729084",2026-04-30
989,Богданова Ольга Геннадиевна,8 539 450 37 54,amos_2022@example.com,"п. Тутончаны, алл. Попова, д. 4/3, 369648",2023-08-15
990,Самойлова Ирина Елизарович,+7 737 304 1506,demjankornilov@example.net,"к. Волхов, ш. Малое, д. 6/9, 879633",2024-09-04
991,Колобов Николай Елисеевич,8 466 033 27 39,kapiton1977@example.com,"клх Чайковский, ш. Ленинское, д. 310 к. 7/1, 819516",2024-09-16
992,Назаров Спартак Вениаминовна,8 (797) 383-30-61,ipati35@example.com,"клх Соловки, пер. Союзный, д. 1 стр. 3, 027068",2025-06-09
993,Князев Марк Руслановна,8 (071) 812-92-36,samoloverofe@example.net,"п. Сухиничи, наб. Жданова, д. 2 к. 83, 870580",2025-07-09
994,Титов Фока Романовна,+7 651 064 0707,elizar_2021@example.net,"д. Курск, алл. Комсомольская, д. 94 стр. 8, 654044",2026-01-28
995,Кондратьев Владислав Гаврилович,8 (090) 317-8836,innokenti16@example.com,"к. Курганинск, пер. Куйбышева, д. 40, 075605",2024-02-05
996,Белоусова Панфил Григорьевна,+7 152 302 9996,okarpov@example.org,"к. Петропавловск-Камчатский, наб. Школьная, д. 80 к. 154, 732012",2026-02-09
997,Кулаков Ювеналий Григорьевич,+7 850 042 31 82,mishinamarija@example.net,"к. Тура, ш. Спортивное, д. 60, 847385",2025-04-28
998,Муравьева Регина Чеславович,87398245538,davidovborislav@example.net,"п. Калач, ш. Придорожное, д. 5/3 стр. 2, 255768",2025-09-04
999,Воронова Вера Артурович,8 590 308 1969,lazar_48@example.com,"клх Находка, ш. Пушкина, д. 2, 089244",2025-03-03
1000,Савин Лукия Анатольевич,+7 (507) 695-5593,marian_88@example.org,"клх Елабуга, пр. Ворошилова, д. 8 к. 8/8, 592541",2023-12-23
