[2026-06-04T05:46:50.418+0000] {processor.py:186} INFO - Started process (PID=178) to work on /opt/airflow/dags/create_mart_dag.py
[2026-06-04T05:46:50.420+0000] {processor.py:914} INFO - Processing file /opt/airflow/dags/create_mart_dag.py for tasks to queue
[2026-06-04T05:46:50.424+0000] {logging_mixin.py:190} INFO - [2026-06-04T05:46:50.423+0000] {dagbag.py:588} INFO - Filling up the DagBag from /opt/airflow/dags/create_mart_dag.py
[2026-06-04T05:46:50.464+0000] {processor.py:925} INFO - DAG(s) 'create_analytics_mart' retrieved from /opt/airflow/dags/create_mart_dag.py
[2026-06-04T05:46:50.508+0000] {logging_mixin.py:190} INFO - [2026-06-04T05:46:50.508+0000] {dag.py:3239} INFO - Sync 1 DAGs
[2026-06-04T05:46:50.550+0000] {logging_mixin.py:190} INFO - [2026-06-04T05:46:50.550+0000] {dag.py:4180} INFO - Setting next_dagrun for create_analytics_mart to 2026-06-04 02:00:00+00:00, run_after=2026-06-05 02:00:00+00:00
[2026-06-04T05:46:50.573+0000] {processor.py:208} INFO - Processing /opt/airflow/dags/create_mart_dag.py took 0.163 seconds
[2026-06-04T05:47:20.683+0000] {processor.py:186} INFO - Started process (PID=196) to work on /opt/airflow/dags/create_mart_dag.py
[2026-06-04T05:47:20.684+0000] {processor.py:914} INFO - Processing file /opt/airflow/dags/create_mart_dag.py for tasks to queue
[2026-06-04T05:47:20.687+0000] {logging_mixin.py:190} INFO - [2026-06-04T05:47:20.687+0000] {dagbag.py:588} INFO - Filling up the DagBag from /opt/airflow/dags/create_mart_dag.py
[2026-06-04T05:47:20.725+0000] {processor.py:925} INFO - DAG(s) 'create_analytics_mart' retrieved from /opt/airflow/dags/create_mart_dag.py
[2026-06-04T05:47:20.762+0000] {logging_mixin.py:190} INFO - [2026-06-04T05:47:20.762+0000] {dag.py:3239} INFO - Sync 1 DAGs
[2026-06-04T05:47:20.792+0000] {logging_mixin.py:190} INFO - [2026-06-04T05:47:20.791+0000] {dag.py:4180} INFO - Setting next_dagrun for create_analytics_mart to 2026-06-04 02:00:00+00:00, run_after=2026-06-05 02:00:00+00:00
[2026-06-04T05:47:20.816+0000] {processor.py:208} INFO - Processing /opt/airflow/dags/create_mart_dag.py took 0.142 seconds
[2026-06-04T05:47:51.104+0000] {processor.py:186} INFO - Started process (PID=207) to work on /opt/airflow/dags/create_mart_dag.py
[2026-06-04T05:47:51.106+0000] {processor.py:914} INFO - Processing file /opt/airflow/dags/create_mart_dag.py for tasks to queue
[2026-06-04T05:47:51.114+0000] {logging_mixin.py:190} INFO - [2026-06-04T05:47:51.114+0000] {dagbag.py:588} INFO - Filling up the DagBag from /opt/airflow/dags/create_mart_dag.py
[2026-06-04T05:47:51.154+0000] {processor.py:925} INFO - DAG(s) 'create_analytics_mart' retrieved from /opt/airflow/dags/create_mart_dag.py
[2026-06-04T05:47:51.193+0000] {logging_mixin.py:190} INFO - [2026-06-04T05:47:51.193+0000] {dag.py:3239} INFO - Sync 1 DAGs
[2026-06-04T05:47:51.224+0000] {logging_mixin.py:190} INFO - [2026-06-04T05:47:51.223+0000] {dag.py:4180} INFO - Setting next_dagrun for create_analytics_mart to 2026-06-04 02:00:00+00:00, run_after=2026-06-05 02:00:00+00:00
[2026-06-04T05:47:51.259+0000] {processor.py:208} INFO - Processing /opt/airflow/dags/create_mart_dag.py took 0.164 seconds
[2026-06-04T05:48:21.407+0000] {processor.py:186} INFO - Started process (PID=219) to work on /opt/airflow/dags/create_mart_dag.py
[2026-06-04T05:48:21.409+0000] {processor.py:914} INFO - Processing file /opt/airflow/dags/create_mart_dag.py for tasks to queue
[2026-06-04T05:48:21.414+0000] {logging_mixin.py:190} INFO - [2026-06-04T05:48:21.414+0000] {dagbag.py:588} INFO - Filling up the DagBag from /opt/airflow/dags/create_mart_dag.py
[2026-06-04T05:48:21.458+0000] {processor.py:925} INFO - DAG(s) 'create_analytics_mart' retrieved from /opt/airflow/dags/create_mart_dag.py
[2026-06-04T05:48:21.507+0000] {logging_mixin.py:190} INFO - [2026-06-04T05:48:21.507+0000] {dag.py:3239} INFO - Sync 1 DAGs
[2026-06-04T05:48:21.550+0000] {logging_mixin.py:190} INFO - [2026-06-04T05:48:21.549+0000] {dag.py:4180} INFO - Setting next_dagrun for create_analytics_mart to 2026-06-04 02:00:00+00:00, run_after=2026-06-05 02:00:00+00:00
[2026-06-04T05:48:21.588+0000] {processor.py:208} INFO - Processing /opt/airflow/dags/create_mart_dag.py took 0.191 seconds
[2026-06-04T05:48:51.868+0000] {processor.py:186} INFO - Started process (PID=230) to work on /opt/airflow/dags/create_mart_dag.py
[2026-06-04T05:48:51.870+0000] {processor.py:914} INFO - Processing file /opt/airflow/dags/create_mart_dag.py for tasks to queue
[2026-06-04T05:48:51.877+0000] {logging_mixin.py:190} INFO - [2026-06-04T05:48:51.876+0000] {dagbag.py:588} INFO - Filling up the DagBag from /opt/airflow/dags/create_mart_dag.py
[2026-06-04T05:48:51.922+0000] {processor.py:925} INFO - DAG(s) 'create_analytics_mart' retrieved from /opt/airflow/dags/create_mart_dag.py
[2026-06-04T05:48:51.966+0000] {logging_mixin.py:190} INFO - [2026-06-04T05:48:51.965+0000] {dag.py:3239} INFO - Sync 1 DAGs
[2026-06-04T05:48:52.002+0000] {logging_mixin.py:190} INFO - [2026-06-04T05:48:52.001+0000] {dag.py:4180} INFO - Setting next_dagrun for create_analytics_mart to 2026-06-04 02:00:00+00:00, run_after=2026-06-05 02:00:00+00:00
[2026-06-04T05:48:52.033+0000] {processor.py:208} INFO - Processing /opt/airflow/dags/create_mart_dag.py took 0.175 seconds
[2026-06-04T05:49:22.173+0000] {processor.py:186} INFO - Started process (PID=241) to work on /opt/airflow/dags/create_mart_dag.py
[2026-06-04T05:49:22.175+0000] {processor.py:914} INFO - Processing file /opt/airflow/dags/create_mart_dag.py for tasks to queue
[2026-06-04T05:49:22.179+0000] {logging_mixin.py:190} INFO - [2026-06-04T05:49:22.179+0000] {dagbag.py:588} INFO - Filling up the DagBag from /opt/airflow/dags/create_mart_dag.py
[2026-06-04T05:49:22.215+0000] {processor.py:925} INFO - DAG(s) 'create_analytics_mart' retrieved from /opt/airflow/dags/create_mart_dag.py
[2026-06-04T05:49:22.247+0000] {logging_mixin.py:190} INFO - [2026-06-04T05:49:22.247+0000] {dag.py:3239} INFO - Sync 1 DAGs
[2026-06-04T05:49:22.276+0000] {logging_mixin.py:190} INFO - [2026-06-04T05:49:22.275+0000] {dag.py:4180} INFO - Setting next_dagrun for create_analytics_mart to 2026-06-04 02:00:00+00:00, run_after=2026-06-05 02:00:00+00:00
[2026-06-04T05:49:22.305+0000] {processor.py:208} INFO - Processing /opt/airflow/dags/create_mart_dag.py took 0.141 seconds
[2026-06-04T05:49:52.644+0000] {processor.py:186} INFO - Started process (PID=252) to work on /opt/airflow/dags/create_mart_dag.py
[2026-06-04T05:49:52.646+0000] {processor.py:914} INFO - Processing file /opt/airflow/dags/create_mart_dag.py for tasks to queue
[2026-06-04T05:49:52.649+0000] {logging_mixin.py:190} INFO - [2026-06-04T05:49:52.649+0000] {dagbag.py:588} INFO - Filling up the DagBag from /opt/airflow/dags/create_mart_dag.py
[2026-06-04T05:49:52.680+0000] {processor.py:925} INFO - DAG(s) 'create_analytics_mart' retrieved from /opt/airflow/dags/create_mart_dag.py
[2026-06-04T05:49:52.708+0000] {logging_mixin.py:190} INFO - [2026-06-04T05:49:52.708+0000] {dag.py:3239} INFO - Sync 1 DAGs
[2026-06-04T05:49:52.732+0000] {logging_mixin.py:190} INFO - [2026-06-04T05:49:52.732+0000] {dag.py:4180} INFO - Setting next_dagrun for create_analytics_mart to 2026-06-04 02:00:00+00:00, run_after=2026-06-05 02:00:00+00:00
[2026-06-04T05:49:52.756+0000] {processor.py:208} INFO - Processing /opt/airflow/dags/create_mart_dag.py took 0.118 seconds
[2026-06-04T05:50:22.947+0000] {processor.py:186} INFO - Started process (PID=263) to work on /opt/airflow/dags/create_mart_dag.py
[2026-06-04T05:50:22.949+0000] {processor.py:914} INFO - Processing file /opt/airflow/dags/create_mart_dag.py for tasks to queue
[2026-06-04T05:50:22.954+0000] {logging_mixin.py:190} INFO - [2026-06-04T05:50:22.953+0000] {dagbag.py:588} INFO - Filling up the DagBag from /opt/airflow/dags/create_mart_dag.py
[2026-06-04T05:50:22.989+0000] {processor.py:925} INFO - DAG(s) 'create_analytics_mart' retrieved from /opt/airflow/dags/create_mart_dag.py
[2026-06-04T05:50:23.032+0000] {logging_mixin.py:190} INFO - [2026-06-04T05:50:23.032+0000] {dag.py:3239} INFO - Sync 1 DAGs
[2026-06-04T05:50:23.068+0000] {logging_mixin.py:190} INFO - [2026-06-04T05:50:23.067+0000] {dag.py:4180} INFO - Setting next_dagrun for create_analytics_mart to 2026-06-04 02:00:00+00:00, run_after=2026-06-05 02:00:00+00:00
[2026-06-04T05:50:23.103+0000] {processor.py:208} INFO - Processing /opt/airflow/dags/create_mart_dag.py took 0.166 seconds
[2026-06-04T05:50:53.334+0000] {processor.py:186} INFO - Started process (PID=274) to work on /opt/airflow/dags/create_mart_dag.py
[2026-06-04T05:50:53.335+0000] {processor.py:914} INFO - Processing file /opt/airflow/dags/create_mart_dag.py for tasks to queue
[2026-06-04T05:50:53.339+0000] {logging_mixin.py:190} INFO - [2026-06-04T05:50:53.338+0000] {dagbag.py:588} INFO - Filling up the DagBag from /opt/airflow/dags/create_mart_dag.py
[2026-06-04T05:50:53.379+0000] {processor.py:925} INFO - DAG(s) 'create_analytics_mart' retrieved from /opt/airflow/dags/create_mart_dag.py
[2026-06-04T05:50:53.418+0000] {logging_mixin.py:190} INFO - [2026-06-04T05:50:53.417+0000] {dag.py:3239} INFO - Sync 1 DAGs
[2026-06-04T05:50:53.455+0000] {logging_mixin.py:190} INFO - [2026-06-04T05:50:53.455+0000] {dag.py:4180} INFO - Setting next_dagrun for create_analytics_mart to 2026-06-04 02:00:00+00:00, run_after=2026-06-05 02:00:00+00:00
[2026-06-04T05:50:53.486+0000] {processor.py:208} INFO - Processing /opt/airflow/dags/create_mart_dag.py took 0.163 seconds
[2026-06-04T05:51:23.683+0000] {processor.py:186} INFO - Started process (PID=288) to work on /opt/airflow/dags/create_mart_dag.py
[2026-06-04T05:51:23.685+0000] {processor.py:914} INFO - Processing file /opt/airflow/dags/create_mart_dag.py for tasks to queue
[2026-06-04T05:51:23.688+0000] {logging_mixin.py:190} INFO - [2026-06-04T05:51:23.687+0000] {dagbag.py:588} INFO - Filling up the DagBag from /opt/airflow/dags/create_mart_dag.py
[2026-06-04T05:51:23.728+0000] {processor.py:925} INFO - DAG(s) 'create_analytics_mart' retrieved from /opt/airflow/dags/create_mart_dag.py
[2026-06-04T05:51:23.769+0000] {logging_mixin.py:190} INFO - [2026-06-04T05:51:23.768+0000] {dag.py:3239} INFO - Sync 1 DAGs
[2026-06-04T05:51:23.801+0000] {logging_mixin.py:190} INFO - [2026-06-04T05:51:23.801+0000] {dag.py:4180} INFO - Setting next_dagrun for create_analytics_mart to 2026-06-04 02:00:00+00:00, run_after=2026-06-05 02:00:00+00:00
[2026-06-04T05:51:23.829+0000] {processor.py:208} INFO - Processing /opt/airflow/dags/create_mart_dag.py took 0.152 seconds
[2026-06-04T05:51:54.148+0000] {processor.py:186} INFO - Started process (PID=305) to work on /opt/airflow/dags/create_mart_dag.py
[2026-06-04T05:51:54.149+0000] {processor.py:914} INFO - Processing file /opt/airflow/dags/create_mart_dag.py for tasks to queue
[2026-06-04T05:51:54.153+0000] {logging_mixin.py:190} INFO - [2026-06-04T05:51:54.152+0000] {dagbag.py:588} INFO - Filling up the DagBag from /opt/airflow/dags/create_mart_dag.py
[2026-06-04T05:51:54.190+0000] {processor.py:925} INFO - DAG(s) 'create_analytics_mart' retrieved from /opt/airflow/dags/create_mart_dag.py
[2026-06-04T05:51:54.227+0000] {logging_mixin.py:190} INFO - [2026-06-04T05:51:54.227+0000] {dag.py:3239} INFO - Sync 1 DAGs
[2026-06-04T05:51:54.257+0000] {logging_mixin.py:190} INFO - [2026-06-04T05:51:54.257+0000] {dag.py:4180} INFO - Setting next_dagrun for create_analytics_mart to 2026-06-04 02:00:00+00:00, run_after=2026-06-05 02:00:00+00:00
[2026-06-04T05:51:54.281+0000] {processor.py:208} INFO - Processing /opt/airflow/dags/create_mart_dag.py took 0.141 seconds
[2026-06-04T05:52:24.449+0000] {processor.py:186} INFO - Started process (PID=317) to work on /opt/airflow/dags/create_mart_dag.py
[2026-06-04T05:52:24.451+0000] {processor.py:914} INFO - Processing file /opt/airflow/dags/create_mart_dag.py for tasks to queue
[2026-06-04T05:52:24.456+0000] {logging_mixin.py:190} INFO - [2026-06-04T05:52:24.456+0000] {dagbag.py:588} INFO - Filling up the DagBag from /opt/airflow/dags/create_mart_dag.py
[2026-06-04T05:52:24.497+0000] {processor.py:925} INFO - DAG(s) 'create_analytics_mart' retrieved from /opt/airflow/dags/create_mart_dag.py
[2026-06-04T05:52:24.528+0000] {logging_mixin.py:190} INFO - [2026-06-04T05:52:24.528+0000] {dag.py:3239} INFO - Sync 1 DAGs
[2026-06-04T05:52:24.558+0000] {logging_mixin.py:190} INFO - [2026-06-04T05:52:24.558+0000] {dag.py:4180} INFO - Setting next_dagrun for create_analytics_mart to 2026-06-04 02:00:00+00:00, run_after=2026-06-05 02:00:00+00:00
[2026-06-04T05:52:24.589+0000] {processor.py:208} INFO - Processing /opt/airflow/dags/create_mart_dag.py took 0.150 seconds
[2026-06-04T05:52:54.856+0000] {processor.py:186} INFO - Started process (PID=328) to work on /opt/airflow/dags/create_mart_dag.py
[2026-06-04T05:52:54.858+0000] {processor.py:914} INFO - Processing file /opt/airflow/dags/create_mart_dag.py for tasks to queue
[2026-06-04T05:52:54.863+0000] {logging_mixin.py:190} INFO - [2026-06-04T05:52:54.863+0000] {dagbag.py:588} INFO - Filling up the DagBag from /opt/airflow/dags/create_mart_dag.py
[2026-06-04T05:52:54.904+0000] {processor.py:925} INFO - DAG(s) 'create_analytics_mart' retrieved from /opt/airflow/dags/create_mart_dag.py
[2026-06-04T05:52:54.945+0000] {logging_mixin.py:190} INFO - [2026-06-04T05:52:54.945+0000] {dag.py:3239} INFO - Sync 1 DAGs
[2026-06-04T05:52:54.988+0000] {logging_mixin.py:190} INFO - [2026-06-04T05:52:54.988+0000] {dag.py:4180} INFO - Setting next_dagrun for create_analytics_mart to 2026-06-04 02:00:00+00:00, run_after=2026-06-05 02:00:00+00:00
[2026-06-04T05:52:55.015+0000] {processor.py:208} INFO - Processing /opt/airflow/dags/create_mart_dag.py took 0.169 seconds
[2026-06-04T05:53:25.176+0000] {processor.py:186} INFO - Started process (PID=339) to work on /opt/airflow/dags/create_mart_dag.py
[2026-06-04T05:53:25.178+0000] {processor.py:914} INFO - Processing file /opt/airflow/dags/create_mart_dag.py for tasks to queue
[2026-06-04T05:53:25.183+0000] {logging_mixin.py:190} INFO - [2026-06-04T05:53:25.183+0000] {dagbag.py:588} INFO - Filling up the DagBag from /opt/airflow/dags/create_mart_dag.py
[2026-06-04T05:53:25.225+0000] {processor.py:925} INFO - DAG(s) 'create_analytics_mart' retrieved from /opt/airflow/dags/create_mart_dag.py
[2026-06-04T05:53:25.264+0000] {logging_mixin.py:190} INFO - [2026-06-04T05:53:25.264+0000] {dag.py:3239} INFO - Sync 1 DAGs
[2026-06-04T05:53:25.289+0000] {logging_mixin.py:190} INFO - [2026-06-04T05:53:25.288+0000] {dag.py:4180} INFO - Setting next_dagrun for create_analytics_mart to 2026-06-04 02:00:00+00:00, run_after=2026-06-05 02:00:00+00:00
[2026-06-04T05:53:25.317+0000] {processor.py:208} INFO - Processing /opt/airflow/dags/create_mart_dag.py took 0.152 seconds
[2026-06-04T05:53:55.589+0000] {processor.py:186} INFO - Started process (PID=350) to work on /opt/airflow/dags/create_mart_dag.py
[2026-06-04T05:53:55.591+0000] {processor.py:914} INFO - Processing file /opt/airflow/dags/create_mart_dag.py for tasks to queue
[2026-06-04T05:53:55.596+0000] {logging_mixin.py:190} INFO - [2026-06-04T05:53:55.595+0000] {dagbag.py:588} INFO - Filling up the DagBag from /opt/airflow/dags/create_mart_dag.py
[2026-06-04T05:53:55.630+0000] {processor.py:925} INFO - DAG(s) 'create_analytics_mart' retrieved from /opt/airflow/dags/create_mart_dag.py
[2026-06-04T05:53:55.669+0000] {logging_mixin.py:190} INFO - [2026-06-04T05:53:55.668+0000] {dag.py:3239} INFO - Sync 1 DAGs
[2026-06-04T05:53:55.695+0000] {logging_mixin.py:190} INFO - [2026-06-04T05:53:55.695+0000] {dag.py:4180} INFO - Setting next_dagrun for create_analytics_mart to 2026-06-04 02:00:00+00:00, run_after=2026-06-05 02:00:00+00:00
[2026-06-04T05:53:55.717+0000] {processor.py:208} INFO - Processing /opt/airflow/dags/create_mart_dag.py took 0.139 seconds
[2026-06-04T05:54:25.916+0000] {processor.py:186} INFO - Started process (PID=361) to work on /opt/airflow/dags/create_mart_dag.py
[2026-06-04T05:54:25.919+0000] {processor.py:914} INFO - Processing file /opt/airflow/dags/create_mart_dag.py for tasks to queue
[2026-06-04T05:54:25.923+0000] {logging_mixin.py:190} INFO - [2026-06-04T05:54:25.923+0000] {dagbag.py:588} INFO - Filling up the DagBag from /opt/airflow/dags/create_mart_dag.py
[2026-06-04T05:54:25.969+0000] {processor.py:925} INFO - DAG(s) 'create_analytics_mart' retrieved from /opt/airflow/dags/create_mart_dag.py
[2026-06-04T05:54:26.008+0000] {logging_mixin.py:190} INFO - [2026-06-04T05:54:26.008+0000] {dag.py:3239} INFO - Sync 1 DAGs
[2026-06-04T05:54:26.039+0000] {logging_mixin.py:190} INFO - [2026-06-04T05:54:26.038+0000] {dag.py:4180} INFO - Setting next_dagrun for create_analytics_mart to 2026-06-04 02:00:00+00:00, run_after=2026-06-05 02:00:00+00:00
[2026-06-04T05:54:26.068+0000] {processor.py:208} INFO - Processing /opt/airflow/dags/create_mart_dag.py took 0.164 seconds
[2026-06-04T05:54:56.280+0000] {processor.py:186} INFO - Started process (PID=372) to work on /opt/airflow/dags/create_mart_dag.py
[2026-06-04T05:54:56.281+0000] {processor.py:914} INFO - Processing file /opt/airflow/dags/create_mart_dag.py for tasks to queue
[2026-06-04T05:54:56.286+0000] {logging_mixin.py:190} INFO - [2026-06-04T05:54:56.285+0000] {dagbag.py:588} INFO - Filling up the DagBag from /opt/airflow/dags/create_mart_dag.py
[2026-06-04T05:54:56.330+0000] {processor.py:925} INFO - DAG(s) 'create_analytics_mart' retrieved from /opt/airflow/dags/create_mart_dag.py
[2026-06-04T05:54:56.370+0000] {logging_mixin.py:190} INFO - [2026-06-04T05:54:56.370+0000] {dag.py:3239} INFO - Sync 1 DAGs
[2026-06-04T05:54:56.410+0000] {logging_mixin.py:190} INFO - [2026-06-04T05:54:56.410+0000] {dag.py:4180} INFO - Setting next_dagrun for create_analytics_mart to 2026-06-04 02:00:00+00:00, run_after=2026-06-05 02:00:00+00:00
[2026-06-04T05:54:56.440+0000] {processor.py:208} INFO - Processing /opt/airflow/dags/create_mart_dag.py took 0.169 seconds
[2026-06-04T05:55:26.628+0000] {processor.py:186} INFO - Started process (PID=383) to work on /opt/airflow/dags/create_mart_dag.py
[2026-06-04T05:55:26.629+0000] {processor.py:914} INFO - Processing file /opt/airflow/dags/create_mart_dag.py for tasks to queue
[2026-06-04T05:55:26.632+0000] {logging_mixin.py:190} INFO - [2026-06-04T05:55:26.632+0000] {dagbag.py:588} INFO - Filling up the DagBag from /opt/airflow/dags/create_mart_dag.py
[2026-06-04T05:55:26.663+0000] {processor.py:925} INFO - DAG(s) 'create_analytics_mart' retrieved from /opt/airflow/dags/create_mart_dag.py
[2026-06-04T05:55:26.699+0000] {logging_mixin.py:190} INFO - [2026-06-04T05:55:26.698+0000] {dag.py:3239} INFO - Sync 1 DAGs
[2026-06-04T05:55:26.745+0000] {logging_mixin.py:190} INFO - [2026-06-04T05:55:26.745+0000] {dag.py:4180} INFO - Setting next_dagrun for create_analytics_mart to 2026-06-04 02:00:00+00:00, run_after=2026-06-05 02:00:00+00:00
[2026-06-04T05:55:26.773+0000] {processor.py:208} INFO - Processing /opt/airflow/dags/create_mart_dag.py took 0.151 seconds
[2026-06-04T05:55:57.024+0000] {processor.py:186} INFO - Started process (PID=394) to work on /opt/airflow/dags/create_mart_dag.py
[2026-06-04T05:55:57.026+0000] {processor.py:914} INFO - Processing file /opt/airflow/dags/create_mart_dag.py for tasks to queue
[2026-06-04T05:55:57.029+0000] {logging_mixin.py:190} INFO - [2026-06-04T05:55:57.029+0000] {dagbag.py:588} INFO - Filling up the DagBag from /opt/airflow/dags/create_mart_dag.py
[2026-06-04T05:55:57.065+0000] {processor.py:925} INFO - DAG(s) 'create_analytics_mart' retrieved from /opt/airflow/dags/create_mart_dag.py
[2026-06-04T05:55:57.102+0000] {logging_mixin.py:190} INFO - [2026-06-04T05:55:57.102+0000] {dag.py:3239} INFO - Sync 1 DAGs
[2026-06-04T05:55:57.128+0000] {logging_mixin.py:190} INFO - [2026-06-04T05:55:57.128+0000] {dag.py:4180} INFO - Setting next_dagrun for create_analytics_mart to 2026-06-04 02:00:00+00:00, run_after=2026-06-05 02:00:00+00:00
[2026-06-04T05:55:57.147+0000] {processor.py:208} INFO - Processing /opt/airflow/dags/create_mart_dag.py took 0.128 seconds
[2026-06-04T05:56:27.356+0000] {processor.py:186} INFO - Started process (PID=408) to work on /opt/airflow/dags/create_mart_dag.py
[2026-06-04T05:56:27.358+0000] {processor.py:914} INFO - Processing file /opt/airflow/dags/create_mart_dag.py for tasks to queue
[2026-06-04T05:56:27.362+0000] {logging_mixin.py:190} INFO - [2026-06-04T05:56:27.361+0000] {dagbag.py:588} INFO - Filling up the DagBag from /opt/airflow/dags/create_mart_dag.py
[2026-06-04T05:56:27.399+0000] {processor.py:925} INFO - DAG(s) 'create_analytics_mart' retrieved from /opt/airflow/dags/create_mart_dag.py
[2026-06-04T05:56:27.437+0000] {logging_mixin.py:190} INFO - [2026-06-04T05:56:27.436+0000] {dag.py:3239} INFO - Sync 1 DAGs
[2026-06-04T05:56:27.471+0000] {logging_mixin.py:190} INFO - [2026-06-04T05:56:27.471+0000] {dag.py:4180} INFO - Setting next_dagrun for create_analytics_mart to 2026-06-04 02:00:00+00:00, run_after=2026-06-05 02:00:00+00:00
[2026-06-04T05:56:27.501+0000] {processor.py:208} INFO - Processing /opt/airflow/dags/create_mart_dag.py took 0.151 seconds
[2026-06-04T05:56:57.772+0000] {processor.py:186} INFO - Started process (PID=419) to work on /opt/airflow/dags/create_mart_dag.py
[2026-06-04T05:56:57.773+0000] {processor.py:914} INFO - Processing file /opt/airflow/dags/create_mart_dag.py for tasks to queue
[2026-06-04T05:56:57.775+0000] {logging_mixin.py:190} INFO - [2026-06-04T05:56:57.775+0000] {dagbag.py:588} INFO - Filling up the DagBag from /opt/airflow/dags/create_mart_dag.py
[2026-06-04T05:56:57.809+0000] {processor.py:925} INFO - DAG(s) 'create_analytics_mart' retrieved from /opt/airflow/dags/create_mart_dag.py
[2026-06-04T05:56:57.852+0000] {logging_mixin.py:190} INFO - [2026-06-04T05:56:57.852+0000] {dag.py:3239} INFO - Sync 1 DAGs
[2026-06-04T05:56:57.885+0000] {logging_mixin.py:190} INFO - [2026-06-04T05:56:57.885+0000] {dag.py:4180} INFO - Setting next_dagrun for create_analytics_mart to 2026-06-04 02:00:00+00:00, run_after=2026-06-05 02:00:00+00:00
[2026-06-04T05:56:57.914+0000] {processor.py:208} INFO - Processing /opt/airflow/dags/create_mart_dag.py took 0.149 seconds
[2026-06-04T05:57:28.079+0000] {processor.py:186} INFO - Started process (PID=430) to work on /opt/airflow/dags/create_mart_dag.py
[2026-06-04T05:57:28.081+0000] {processor.py:914} INFO - Processing file /opt/airflow/dags/create_mart_dag.py for tasks to queue
[2026-06-04T05:57:28.084+0000] {logging_mixin.py:190} INFO - [2026-06-04T05:57:28.083+0000] {dagbag.py:588} INFO - Filling up the DagBag from /opt/airflow/dags/create_mart_dag.py
[2026-06-04T05:57:28.119+0000] {processor.py:925} INFO - DAG(s) 'create_analytics_mart' retrieved from /opt/airflow/dags/create_mart_dag.py
[2026-06-04T05:57:28.167+0000] {logging_mixin.py:190} INFO - [2026-06-04T05:57:28.166+0000] {dag.py:3239} INFO - Sync 1 DAGs
[2026-06-04T05:57:28.208+0000] {logging_mixin.py:190} INFO - [2026-06-04T05:57:28.207+0000] {dag.py:4180} INFO - Setting next_dagrun for create_analytics_mart to 2026-06-04 02:00:00+00:00, run_after=2026-06-05 02:00:00+00:00
[2026-06-04T05:57:28.244+0000] {processor.py:208} INFO - Processing /opt/airflow/dags/create_mart_dag.py took 0.172 seconds
[2026-06-04T05:58:42.088+0000] {processor.py:186} INFO - Started process (PID=176) to work on /opt/airflow/dags/create_mart_dag.py
[2026-06-04T05:58:42.089+0000] {processor.py:914} INFO - Processing file /opt/airflow/dags/create_mart_dag.py for tasks to queue
[2026-06-04T05:58:42.092+0000] {logging_mixin.py:190} INFO - [2026-06-04T05:58:42.091+0000] {dagbag.py:588} INFO - Filling up the DagBag from /opt/airflow/dags/create_mart_dag.py
[2026-06-04T05:58:42.149+0000] {processor.py:925} INFO - DAG(s) 'create_analytics_mart' retrieved from /opt/airflow/dags/create_mart_dag.py
[2026-06-04T05:58:42.195+0000] {logging_mixin.py:190} INFO - [2026-06-04T05:58:42.195+0000] {dag.py:3239} INFO - Sync 1 DAGs
[2026-06-04T05:58:42.236+0000] {logging_mixin.py:190} INFO - [2026-06-04T05:58:42.235+0000] {dag.py:4180} INFO - Setting next_dagrun for create_analytics_mart to 2026-06-04 02:00:00+00:00, run_after=2026-06-05 02:00:00+00:00
[2026-06-04T05:58:42.269+0000] {processor.py:208} INFO - Processing /opt/airflow/dags/create_mart_dag.py took 0.189 seconds
[2026-06-04T05:59:12.393+0000] {processor.py:186} INFO - Started process (PID=187) to work on /opt/airflow/dags/create_mart_dag.py
[2026-06-04T05:59:12.394+0000] {processor.py:914} INFO - Processing file /opt/airflow/dags/create_mart_dag.py for tasks to queue
[2026-06-04T05:59:12.397+0000] {logging_mixin.py:190} INFO - [2026-06-04T05:59:12.397+0000] {dagbag.py:588} INFO - Filling up the DagBag from /opt/airflow/dags/create_mart_dag.py
[2026-06-04T05:59:12.427+0000] {processor.py:925} INFO - DAG(s) 'create_analytics_mart' retrieved from /opt/airflow/dags/create_mart_dag.py
[2026-06-04T05:59:12.476+0000] {logging_mixin.py:190} INFO - [2026-06-04T05:59:12.475+0000] {dag.py:3239} INFO - Sync 1 DAGs
[2026-06-04T05:59:12.518+0000] {logging_mixin.py:190} INFO - [2026-06-04T05:59:12.518+0000] {dag.py:4180} INFO - Setting next_dagrun for create_analytics_mart to 2026-06-04 02:00:00+00:00, run_after=2026-06-05 02:00:00+00:00
[2026-06-04T05:59:12.558+0000] {processor.py:208} INFO - Processing /opt/airflow/dags/create_mart_dag.py took 0.172 seconds
[2026-06-04T05:59:42.868+0000] {processor.py:186} INFO - Started process (PID=198) to work on /opt/airflow/dags/create_mart_dag.py
[2026-06-04T05:59:42.869+0000] {processor.py:914} INFO - Processing file /opt/airflow/dags/create_mart_dag.py for tasks to queue
[2026-06-04T05:59:42.873+0000] {logging_mixin.py:190} INFO - [2026-06-04T05:59:42.872+0000] {dagbag.py:588} INFO - Filling up the DagBag from /opt/airflow/dags/create_mart_dag.py
[2026-06-04T05:59:42.914+0000] {processor.py:925} INFO - DAG(s) 'create_analytics_mart' retrieved from /opt/airflow/dags/create_mart_dag.py
[2026-06-04T05:59:42.962+0000] {logging_mixin.py:190} INFO - [2026-06-04T05:59:42.962+0000] {dag.py:3239} INFO - Sync 1 DAGs
[2026-06-04T05:59:43.004+0000] {logging_mixin.py:190} INFO - [2026-06-04T05:59:43.003+0000] {dag.py:4180} INFO - Setting next_dagrun for create_analytics_mart to 2026-06-04 02:00:00+00:00, run_after=2026-06-05 02:00:00+00:00
[2026-06-04T05:59:43.032+0000] {processor.py:208} INFO - Processing /opt/airflow/dags/create_mart_dag.py took 0.173 seconds
[2026-06-04T06:00:13.167+0000] {processor.py:186} INFO - Started process (PID=209) to work on /opt/airflow/dags/create_mart_dag.py
[2026-06-04T06:00:13.168+0000] {processor.py:914} INFO - Processing file /opt/airflow/dags/create_mart_dag.py for tasks to queue
[2026-06-04T06:00:13.172+0000] {logging_mixin.py:190} INFO - [2026-06-04T06:00:13.171+0000] {dagbag.py:588} INFO - Filling up the DagBag from /opt/airflow/dags/create_mart_dag.py
[2026-06-04T06:00:13.212+0000] {processor.py:925} INFO - DAG(s) 'create_analytics_mart' retrieved from /opt/airflow/dags/create_mart_dag.py
[2026-06-04T06:00:13.246+0000] {logging_mixin.py:190} INFO - [2026-06-04T06:00:13.246+0000] {dag.py:3239} INFO - Sync 1 DAGs
[2026-06-04T06:00:13.276+0000] {logging_mixin.py:190} INFO - [2026-06-04T06:00:13.275+0000] {dag.py:4180} INFO - Setting next_dagrun for create_analytics_mart to 2026-06-04 02:00:00+00:00, run_after=2026-06-05 02:00:00+00:00
[2026-06-04T06:00:13.300+0000] {processor.py:208} INFO - Processing /opt/airflow/dags/create_mart_dag.py took 0.144 seconds
[2026-06-04T06:00:43.604+0000] {processor.py:186} INFO - Started process (PID=221) to work on /opt/airflow/dags/create_mart_dag.py
[2026-06-04T06:00:43.605+0000] {processor.py:914} INFO - Processing file /opt/airflow/dags/create_mart_dag.py for tasks to queue
[2026-06-04T06:00:43.608+0000] {logging_mixin.py:190} INFO - [2026-06-04T06:00:43.608+0000] {dagbag.py:588} INFO - Filling up the DagBag from /opt/airflow/dags/create_mart_dag.py
[2026-06-04T06:00:43.664+0000] {processor.py:925} INFO - DAG(s) 'create_analytics_mart' retrieved from /opt/airflow/dags/create_mart_dag.py
[2026-06-04T06:00:43.704+0000] {logging_mixin.py:190} INFO - [2026-06-04T06:00:43.704+0000] {dag.py:3239} INFO - Sync 1 DAGs
[2026-06-04T06:00:43.734+0000] {logging_mixin.py:190} INFO - [2026-06-04T06:00:43.734+0000] {dag.py:4180} INFO - Setting next_dagrun for create_analytics_mart to 2026-06-04 02:00:00+00:00, run_after=2026-06-05 02:00:00+00:00
[2026-06-04T06:00:43.767+0000] {processor.py:208} INFO - Processing /opt/airflow/dags/create_mart_dag.py took 0.171 seconds
[2026-06-04T06:01:13.913+0000] {processor.py:186} INFO - Started process (PID=232) to work on /opt/airflow/dags/create_mart_dag.py
[2026-06-04T06:01:13.915+0000] {processor.py:914} INFO - Processing file /opt/airflow/dags/create_mart_dag.py for tasks to queue
[2026-06-04T06:01:13.920+0000] {logging_mixin.py:190} INFO - [2026-06-04T06:01:13.919+0000] {dagbag.py:588} INFO - Filling up the DagBag from /opt/airflow/dags/create_mart_dag.py
[2026-06-04T06:01:13.963+0000] {processor.py:925} INFO - DAG(s) 'create_analytics_mart' retrieved from /opt/airflow/dags/create_mart_dag.py
[2026-06-04T06:01:14.018+0000] {logging_mixin.py:190} INFO - [2026-06-04T06:01:14.017+0000] {dag.py:3239} INFO - Sync 1 DAGs
[2026-06-04T06:01:14.058+0000] {logging_mixin.py:190} INFO - [2026-06-04T06:01:14.058+0000] {dag.py:4180} INFO - Setting next_dagrun for create_analytics_mart to 2026-06-04 02:00:00+00:00, run_after=2026-06-05 02:00:00+00:00
[2026-06-04T06:01:14.099+0000] {processor.py:208} INFO - Processing /opt/airflow/dags/create_mart_dag.py took 0.196 seconds
[2026-06-04T06:01:44.342+0000] {processor.py:186} INFO - Started process (PID=243) to work on /opt/airflow/dags/create_mart_dag.py
[2026-06-04T06:01:44.343+0000] {processor.py:914} INFO - Processing file /opt/airflow/dags/create_mart_dag.py for tasks to queue
[2026-06-04T06:01:44.348+0000] {logging_mixin.py:190} INFO - [2026-06-04T06:01:44.347+0000] {dagbag.py:588} INFO - Filling up the DagBag from /opt/airflow/dags/create_mart_dag.py
[2026-06-04T06:01:44.398+0000] {processor.py:925} INFO - DAG(s) 'create_analytics_mart' retrieved from /opt/airflow/dags/create_mart_dag.py
[2026-06-04T06:01:44.438+0000] {logging_mixin.py:190} INFO - [2026-06-04T06:01:44.438+0000] {dag.py:3239} INFO - Sync 1 DAGs
[2026-06-04T06:01:44.468+0000] {logging_mixin.py:190} INFO - [2026-06-04T06:01:44.467+0000] {dag.py:4180} INFO - Setting next_dagrun for create_analytics_mart to 2026-06-04 02:00:00+00:00, run_after=2026-06-05 02:00:00+00:00
[2026-06-04T06:01:44.494+0000] {processor.py:208} INFO - Processing /opt/airflow/dags/create_mart_dag.py took 0.159 seconds
[2026-06-04T06:02:14.698+0000] {processor.py:186} INFO - Started process (PID=254) to work on /opt/airflow/dags/create_mart_dag.py
[2026-06-04T06:02:14.699+0000] {processor.py:914} INFO - Processing file /opt/airflow/dags/create_mart_dag.py for tasks to queue
[2026-06-04T06:02:14.705+0000] {logging_mixin.py:190} INFO - [2026-06-04T06:02:14.704+0000] {dagbag.py:588} INFO - Filling up the DagBag from /opt/airflow/dags/create_mart_dag.py
[2026-06-04T06:02:14.766+0000] {processor.py:925} INFO - DAG(s) 'create_analytics_mart' retrieved from /opt/airflow/dags/create_mart_dag.py
[2026-06-04T06:02:14.810+0000] {logging_mixin.py:190} INFO - [2026-06-04T06:02:14.810+0000] {dag.py:3239} INFO - Sync 1 DAGs
[2026-06-04T06:02:14.844+0000] {logging_mixin.py:190} INFO - [2026-06-04T06:02:14.843+0000] {dag.py:4180} INFO - Setting next_dagrun for create_analytics_mart to 2026-06-04 02:00:00+00:00, run_after=2026-06-05 02:00:00+00:00
[2026-06-04T06:02:14.872+0000] {processor.py:208} INFO - Processing /opt/airflow/dags/create_mart_dag.py took 0.185 seconds
[2026-06-04T06:02:45.097+0000] {processor.py:186} INFO - Started process (PID=268) to work on /opt/airflow/dags/create_mart_dag.py
[2026-06-04T06:02:45.099+0000] {processor.py:914} INFO - Processing file /opt/airflow/dags/create_mart_dag.py for tasks to queue
[2026-06-04T06:02:45.103+0000] {logging_mixin.py:190} INFO - [2026-06-04T06:02:45.102+0000] {dagbag.py:588} INFO - Filling up the DagBag from /opt/airflow/dags/create_mart_dag.py
[2026-06-04T06:02:45.139+0000] {processor.py:925} INFO - DAG(s) 'create_analytics_mart' retrieved from /opt/airflow/dags/create_mart_dag.py
[2026-06-04T06:02:45.179+0000] {logging_mixin.py:190} INFO - [2026-06-04T06:02:45.179+0000] {dag.py:3239} INFO - Sync 1 DAGs
[2026-06-04T06:02:45.206+0000] {logging_mixin.py:190} INFO - [2026-06-04T06:02:45.206+0000] {dag.py:4180} INFO - Setting next_dagrun for create_analytics_mart to 2026-06-04 02:00:00+00:00, run_after=2026-06-05 02:00:00+00:00
[2026-06-04T06:02:45.238+0000] {processor.py:208} INFO - Processing /opt/airflow/dags/create_mart_dag.py took 0.149 seconds
[2026-06-04T06:03:15.426+0000] {processor.py:186} INFO - Started process (PID=279) to work on /opt/airflow/dags/create_mart_dag.py
[2026-06-04T06:03:15.428+0000] {processor.py:914} INFO - Processing file /opt/airflow/dags/create_mart_dag.py for tasks to queue
[2026-06-04T06:03:15.434+0000] {logging_mixin.py:190} INFO - [2026-06-04T06:03:15.433+0000] {dagbag.py:588} INFO - Filling up the DagBag from /opt/airflow/dags/create_mart_dag.py
[2026-06-04T06:03:15.475+0000] {processor.py:925} INFO - DAG(s) 'create_analytics_mart' retrieved from /opt/airflow/dags/create_mart_dag.py
[2026-06-04T06:03:15.519+0000] {logging_mixin.py:190} INFO - [2026-06-04T06:03:15.518+0000] {dag.py:3239} INFO - Sync 1 DAGs
[2026-06-04T06:03:15.556+0000] {logging_mixin.py:190} INFO - [2026-06-04T06:03:15.556+0000] {dag.py:4180} INFO - Setting next_dagrun for create_analytics_mart to 2026-06-04 02:00:00+00:00, run_after=2026-06-05 02:00:00+00:00
[2026-06-04T06:03:15.581+0000] {processor.py:208} INFO - Processing /opt/airflow/dags/create_mart_dag.py took 0.166 seconds
[2026-06-04T06:03:45.876+0000] {processor.py:186} INFO - Started process (PID=290) to work on /opt/airflow/dags/create_mart_dag.py
[2026-06-04T06:03:45.877+0000] {processor.py:914} INFO - Processing file /opt/airflow/dags/create_mart_dag.py for tasks to queue
[2026-06-04T06:03:45.881+0000] {logging_mixin.py:190} INFO - [2026-06-04T06:03:45.880+0000] {dagbag.py:588} INFO - Filling up the DagBag from /opt/airflow/dags/create_mart_dag.py
[2026-06-04T06:03:45.918+0000] {processor.py:925} INFO - DAG(s) 'create_analytics_mart' retrieved from /opt/airflow/dags/create_mart_dag.py
[2026-06-04T06:03:45.952+0000] {logging_mixin.py:190} INFO - [2026-06-04T06:03:45.952+0000] {dag.py:3239} INFO - Sync 1 DAGs
[2026-06-04T06:03:45.977+0000] {logging_mixin.py:190} INFO - [2026-06-04T06:03:45.976+0000] {dag.py:4180} INFO - Setting next_dagrun for create_analytics_mart to 2026-06-04 02:00:00+00:00, run_after=2026-06-05 02:00:00+00:00
[2026-06-04T06:03:46.001+0000] {processor.py:208} INFO - Processing /opt/airflow/dags/create_mart_dag.py took 0.134 seconds
[2026-06-04T06:04:16.182+0000] {processor.py:186} INFO - Started process (PID=301) to work on /opt/airflow/dags/create_mart_dag.py
[2026-06-04T06:04:16.184+0000] {processor.py:914} INFO - Processing file /opt/airflow/dags/create_mart_dag.py for tasks to queue
[2026-06-04T06:04:16.187+0000] {logging_mixin.py:190} INFO - [2026-06-04T06:04:16.187+0000] {dagbag.py:588} INFO - Filling up the DagBag from /opt/airflow/dags/create_mart_dag.py
[2026-06-04T06:04:16.236+0000] {processor.py:925} INFO - DAG(s) 'create_analytics_mart' retrieved from /opt/airflow/dags/create_mart_dag.py
[2026-06-04T06:04:16.288+0000] {logging_mixin.py:190} INFO - [2026-06-04T06:04:16.288+0000] {dag.py:3239} INFO - Sync 1 DAGs
[2026-06-04T06:04:16.331+0000] {logging_mixin.py:190} INFO - [2026-06-04T06:04:16.331+0000] {dag.py:4180} INFO - Setting next_dagrun for create_analytics_mart to 2026-06-04 02:00:00+00:00, run_after=2026-06-05 02:00:00+00:00
[2026-06-04T06:04:16.370+0000] {processor.py:208} INFO - Processing /opt/airflow/dags/create_mart_dag.py took 0.198 seconds
[2026-06-04T06:04:46.584+0000] {processor.py:186} INFO - Started process (PID=312) to work on /opt/airflow/dags/create_mart_dag.py
[2026-06-04T06:04:46.585+0000] {processor.py:914} INFO - Processing file /opt/airflow/dags/create_mart_dag.py for tasks to queue
[2026-06-04T06:04:46.589+0000] {logging_mixin.py:190} INFO - [2026-06-04T06:04:46.589+0000] {dagbag.py:588} INFO - Filling up the DagBag from /opt/airflow/dags/create_mart_dag.py
[2026-06-04T06:04:46.623+0000] {processor.py:925} INFO - DAG(s) 'create_analytics_mart' retrieved from /opt/airflow/dags/create_mart_dag.py
[2026-06-04T06:04:46.662+0000] {logging_mixin.py:190} INFO - [2026-06-04T06:04:46.662+0000] {dag.py:3239} INFO - Sync 1 DAGs
[2026-06-04T06:04:46.694+0000] {logging_mixin.py:190} INFO - [2026-06-04T06:04:46.694+0000] {dag.py:4180} INFO - Setting next_dagrun for create_analytics_mart to 2026-06-04 02:00:00+00:00, run_after=2026-06-05 02:00:00+00:00
[2026-06-04T06:04:46.725+0000] {processor.py:208} INFO - Processing /opt/airflow/dags/create_mart_dag.py took 0.149 seconds
[2026-06-04T06:05:16.933+0000] {processor.py:186} INFO - Started process (PID=324) to work on /opt/airflow/dags/create_mart_dag.py
[2026-06-04T06:05:16.935+0000] {processor.py:914} INFO - Processing file /opt/airflow/dags/create_mart_dag.py for tasks to queue
[2026-06-04T06:05:16.939+0000] {logging_mixin.py:190} INFO - [2026-06-04T06:05:16.939+0000] {dagbag.py:588} INFO - Filling up the DagBag from /opt/airflow/dags/create_mart_dag.py
[2026-06-04T06:05:16.977+0000] {processor.py:925} INFO - DAG(s) 'create_analytics_mart' retrieved from /opt/airflow/dags/create_mart_dag.py
[2026-06-04T06:05:17.020+0000] {logging_mixin.py:190} INFO - [2026-06-04T06:05:17.019+0000] {dag.py:3239} INFO - Sync 1 DAGs
[2026-06-04T06:05:17.056+0000] {logging_mixin.py:190} INFO - [2026-06-04T06:05:17.056+0000] {dag.py:4180} INFO - Setting next_dagrun for create_analytics_mart to 2026-06-04 02:00:00+00:00, run_after=2026-06-05 02:00:00+00:00
[2026-06-04T06:05:17.085+0000] {processor.py:208} INFO - Processing /opt/airflow/dags/create_mart_dag.py took 0.160 seconds
[2026-06-04T06:05:47.304+0000] {processor.py:186} INFO - Started process (PID=335) to work on /opt/airflow/dags/create_mart_dag.py
[2026-06-04T06:05:47.306+0000] {processor.py:914} INFO - Processing file /opt/airflow/dags/create_mart_dag.py for tasks to queue
[2026-06-04T06:05:47.311+0000] {logging_mixin.py:190} INFO - [2026-06-04T06:05:47.310+0000] {dagbag.py:588} INFO - Filling up the DagBag from /opt/airflow/dags/create_mart_dag.py
[2026-06-04T06:05:47.354+0000] {processor.py:925} INFO - DAG(s) 'create_analytics_mart' retrieved from /opt/airflow/dags/create_mart_dag.py
[2026-06-04T06:05:47.395+0000] {logging_mixin.py:190} INFO - [2026-06-04T06:05:47.395+0000] {dag.py:3239} INFO - Sync 1 DAGs
[2026-06-04T06:05:47.425+0000] {logging_mixin.py:190} INFO - [2026-06-04T06:05:47.425+0000] {dag.py:4180} INFO - Setting next_dagrun for create_analytics_mart to 2026-06-04 02:00:00+00:00, run_after=2026-06-05 02:00:00+00:00
[2026-06-04T06:05:47.458+0000] {processor.py:208} INFO - Processing /opt/airflow/dags/create_mart_dag.py took 0.166 seconds
[2026-06-04T06:06:17.693+0000] {processor.py:186} INFO - Started process (PID=346) to work on /opt/airflow/dags/create_mart_dag.py
[2026-06-04T06:06:17.695+0000] {processor.py:914} INFO - Processing file /opt/airflow/dags/create_mart_dag.py for tasks to queue
[2026-06-04T06:06:17.699+0000] {logging_mixin.py:190} INFO - [2026-06-04T06:06:17.698+0000] {dagbag.py:588} INFO - Filling up the DagBag from /opt/airflow/dags/create_mart_dag.py
[2026-06-04T06:06:17.743+0000] {processor.py:925} INFO - DAG(s) 'create_analytics_mart' retrieved from /opt/airflow/dags/create_mart_dag.py
[2026-06-04T06:06:17.786+0000] {logging_mixin.py:190} INFO - [2026-06-04T06:06:17.786+0000] {dag.py:3239} INFO - Sync 1 DAGs
[2026-06-04T06:06:17.827+0000] {logging_mixin.py:190} INFO - [2026-06-04T06:06:17.826+0000] {dag.py:4180} INFO - Setting next_dagrun for create_analytics_mart to 2026-06-04 02:00:00+00:00, run_after=2026-06-05 02:00:00+00:00
[2026-06-04T06:06:17.860+0000] {processor.py:208} INFO - Processing /opt/airflow/dags/create_mart_dag.py took 0.181 seconds
[2026-06-04T06:06:48.060+0000] {processor.py:186} INFO - Started process (PID=357) to work on /opt/airflow/dags/create_mart_dag.py
[2026-06-04T06:06:48.062+0000] {processor.py:914} INFO - Processing file /opt/airflow/dags/create_mart_dag.py for tasks to queue
[2026-06-04T06:06:48.065+0000] {logging_mixin.py:190} INFO - [2026-06-04T06:06:48.065+0000] {dagbag.py:588} INFO - Filling up the DagBag from /opt/airflow/dags/create_mart_dag.py
[2026-06-04T06:06:48.098+0000] {processor.py:925} INFO - DAG(s) 'create_analytics_mart' retrieved from /opt/airflow/dags/create_mart_dag.py
[2026-06-04T06:06:48.132+0000] {logging_mixin.py:190} INFO - [2026-06-04T06:06:48.131+0000] {dag.py:3239} INFO - Sync 1 DAGs
[2026-06-04T06:06:48.157+0000] {logging_mixin.py:190} INFO - [2026-06-04T06:06:48.156+0000] {dag.py:4180} INFO - Setting next_dagrun for create_analytics_mart to 2026-06-04 02:00:00+00:00, run_after=2026-06-05 02:00:00+00:00
[2026-06-04T06:06:48.187+0000] {processor.py:208} INFO - Processing /opt/airflow/dags/create_mart_dag.py took 0.135 seconds
[2026-06-04T06:07:18.412+0000] {processor.py:186} INFO - Started process (PID=368) to work on /opt/airflow/dags/create_mart_dag.py
[2026-06-04T06:07:18.413+0000] {processor.py:914} INFO - Processing file /opt/airflow/dags/create_mart_dag.py for tasks to queue
[2026-06-04T06:07:18.418+0000] {logging_mixin.py:190} INFO - [2026-06-04T06:07:18.417+0000] {dagbag.py:588} INFO - Filling up the DagBag from /opt/airflow/dags/create_mart_dag.py
[2026-06-04T06:07:18.454+0000] {processor.py:925} INFO - DAG(s) 'create_analytics_mart' retrieved from /opt/airflow/dags/create_mart_dag.py
[2026-06-04T06:07:18.485+0000] {logging_mixin.py:190} INFO - [2026-06-04T06:07:18.485+0000] {dag.py:3239} INFO - Sync 1 DAGs
[2026-06-04T06:07:18.509+0000] {logging_mixin.py:190} INFO - [2026-06-04T06:07:18.509+0000] {dag.py:4180} INFO - Setting next_dagrun for create_analytics_mart to 2026-06-04 02:00:00+00:00, run_after=2026-06-05 02:00:00+00:00
[2026-06-04T06:07:18.532+0000] {processor.py:208} INFO - Processing /opt/airflow/dags/create_mart_dag.py took 0.129 seconds
[2026-06-04T06:07:48.733+0000] {processor.py:186} INFO - Started process (PID=382) to work on /opt/airflow/dags/create_mart_dag.py
[2026-06-04T06:07:48.734+0000] {processor.py:914} INFO - Processing file /opt/airflow/dags/create_mart_dag.py for tasks to queue
[2026-06-04T06:07:48.738+0000] {logging_mixin.py:190} INFO - [2026-06-04T06:07:48.737+0000] {dagbag.py:588} INFO - Filling up the DagBag from /opt/airflow/dags/create_mart_dag.py
[2026-06-04T06:07:48.776+0000] {processor.py:925} INFO - DAG(s) 'create_analytics_mart' retrieved from /opt/airflow/dags/create_mart_dag.py
[2026-06-04T06:07:48.805+0000] {logging_mixin.py:190} INFO - [2026-06-04T06:07:48.805+0000] {dag.py:3239} INFO - Sync 1 DAGs
[2026-06-04T06:07:48.833+0000] {logging_mixin.py:190} INFO - [2026-06-04T06:07:48.833+0000] {dag.py:4180} INFO - Setting next_dagrun for create_analytics_mart to 2026-06-04 02:00:00+00:00, run_after=2026-06-05 02:00:00+00:00
[2026-06-04T06:07:48.860+0000] {processor.py:208} INFO - Processing /opt/airflow/dags/create_mart_dag.py took 0.134 seconds
[2026-06-04T06:08:19.095+0000] {processor.py:186} INFO - Started process (PID=393) to work on /opt/airflow/dags/create_mart_dag.py
[2026-06-04T06:08:19.097+0000] {processor.py:914} INFO - Processing file /opt/airflow/dags/create_mart_dag.py for tasks to queue
[2026-06-04T06:08:19.100+0000] {logging_mixin.py:190} INFO - [2026-06-04T06:08:19.100+0000] {dagbag.py:588} INFO - Filling up the DagBag from /opt/airflow/dags/create_mart_dag.py
[2026-06-04T06:08:19.139+0000] {processor.py:925} INFO - DAG(s) 'create_analytics_mart' retrieved from /opt/airflow/dags/create_mart_dag.py
[2026-06-04T06:08:19.178+0000] {logging_mixin.py:190} INFO - [2026-06-04T06:08:19.178+0000] {dag.py:3239} INFO - Sync 1 DAGs
[2026-06-04T06:08:19.204+0000] {logging_mixin.py:190} INFO - [2026-06-04T06:08:19.204+0000] {dag.py:4180} INFO - Setting next_dagrun for create_analytics_mart to 2026-06-04 02:00:00+00:00, run_after=2026-06-05 02:00:00+00:00
[2026-06-04T06:08:19.231+0000] {processor.py:208} INFO - Processing /opt/airflow/dags/create_mart_dag.py took 0.145 seconds
[2026-06-04T06:08:49.491+0000] {processor.py:186} INFO - Started process (PID=404) to work on /opt/airflow/dags/create_mart_dag.py
[2026-06-04T06:08:49.494+0000] {processor.py:914} INFO - Processing file /opt/airflow/dags/create_mart_dag.py for tasks to queue
[2026-06-04T06:08:49.497+0000] {logging_mixin.py:190} INFO - [2026-06-04T06:08:49.496+0000] {dagbag.py:588} INFO - Filling up the DagBag from /opt/airflow/dags/create_mart_dag.py
[2026-06-04T06:08:49.535+0000] {processor.py:925} INFO - DAG(s) 'create_analytics_mart' retrieved from /opt/airflow/dags/create_mart_dag.py
[2026-06-04T06:08:49.577+0000] {logging_mixin.py:190} INFO - [2026-06-04T06:08:49.577+0000] {dag.py:3239} INFO - Sync 1 DAGs
[2026-06-04T06:08:49.613+0000] {logging_mixin.py:190} INFO - [2026-06-04T06:08:49.613+0000] {dag.py:4180} INFO - Setting next_dagrun for create_analytics_mart to 2026-06-04 02:00:00+00:00, run_after=2026-06-05 02:00:00+00:00
[2026-06-04T06:08:49.649+0000] {processor.py:208} INFO - Processing /opt/airflow/dags/create_mart_dag.py took 0.165 seconds
[2026-06-04T06:09:19.788+0000] {processor.py:186} INFO - Started process (PID=415) to work on /opt/airflow/dags/create_mart_dag.py
[2026-06-04T06:09:19.790+0000] {processor.py:914} INFO - Processing file /opt/airflow/dags/create_mart_dag.py for tasks to queue
[2026-06-04T06:09:19.794+0000] {logging_mixin.py:190} INFO - [2026-06-04T06:09:19.794+0000] {dagbag.py:588} INFO - Filling up the DagBag from /opt/airflow/dags/create_mart_dag.py
[2026-06-04T06:09:19.864+0000] {processor.py:925} INFO - DAG(s) 'create_analytics_mart' retrieved from /opt/airflow/dags/create_mart_dag.py
[2026-06-04T06:09:19.913+0000] {logging_mixin.py:190} INFO - [2026-06-04T06:09:19.913+0000] {dag.py:3239} INFO - Sync 1 DAGs
[2026-06-04T06:09:19.941+0000] {logging_mixin.py:190} INFO - [2026-06-04T06:09:19.941+0000] {dag.py:4180} INFO - Setting next_dagrun for create_analytics_mart to 2026-06-04 02:00:00+00:00, run_after=2026-06-05 02:00:00+00:00
[2026-06-04T06:09:19.979+0000] {processor.py:208} INFO - Processing /opt/airflow/dags/create_mart_dag.py took 0.207 seconds
[2026-06-04T06:09:50.230+0000] {processor.py:186} INFO - Started process (PID=426) to work on /opt/airflow/dags/create_mart_dag.py
[2026-06-04T06:09:50.232+0000] {processor.py:914} INFO - Processing file /opt/airflow/dags/create_mart_dag.py for tasks to queue
[2026-06-04T06:09:50.235+0000] {logging_mixin.py:190} INFO - [2026-06-04T06:09:50.235+0000] {dagbag.py:588} INFO - Filling up the DagBag from /opt/airflow/dags/create_mart_dag.py
[2026-06-04T06:09:50.276+0000] {logging_mixin.py:190} INFO - [2026-06-04T06:09:50.264+0000] {dagbag.py:387} ERROR - Failed to import: /opt/airflow/dags/create_mart_dag.py
Traceback (most recent call last):
  File "/home/airflow/.local/lib/python3.12/site-packages/airflow/models/dagbag.py", line 383, in parse
    loader.exec_module(new_module)
  File "<frozen importlib._bootstrap_external>", line 999, in exec_module
  File "<frozen importlib._bootstrap>", line 488, in _call_with_frames_removed
  File "/opt/airflow/dags/create_mart_dag.py", line 11, in <module>
    from build_mart import create_mart
  File "/opt/airflow/dags/scripts/build_mart.py", line 8
    """Читает параметры подключения из переменных окружения"""
IndentationError: unexpected indent
[2026-06-04T06:09:50.278+0000] {processor.py:927} WARNING - No viable dags retrieved from /opt/airflow/dags/create_mart_dag.py
[2026-06-04T06:09:50.304+0000] {processor.py:208} INFO - Processing /opt/airflow/dags/create_mart_dag.py took 0.079 seconds
[2026-06-04T06:10:20.562+0000] {processor.py:186} INFO - Started process (PID=437) to work on /opt/airflow/dags/create_mart_dag.py
[2026-06-04T06:10:20.564+0000] {processor.py:914} INFO - Processing file /opt/airflow/dags/create_mart_dag.py for tasks to queue
[2026-06-04T06:10:20.568+0000] {logging_mixin.py:190} INFO - [2026-06-04T06:10:20.568+0000] {dagbag.py:588} INFO - Filling up the DagBag from /opt/airflow/dags/create_mart_dag.py
[2026-06-04T06:10:20.618+0000] {processor.py:925} INFO - DAG(s) 'create_analytics_mart' retrieved from /opt/airflow/dags/create_mart_dag.py
[2026-06-04T06:10:20.656+0000] {logging_mixin.py:190} INFO - [2026-06-04T06:10:20.656+0000] {dag.py:3239} INFO - Sync 1 DAGs
[2026-06-04T06:10:20.685+0000] {logging_mixin.py:190} INFO - [2026-06-04T06:10:20.684+0000] {dag.py:4180} INFO - Setting next_dagrun for create_analytics_mart to 2026-06-04 02:00:00+00:00, run_after=2026-06-05 02:00:00+00:00
[2026-06-04T06:10:20.723+0000] {processor.py:208} INFO - Processing /opt/airflow/dags/create_mart_dag.py took 0.169 seconds
[2026-06-04T06:10:50.855+0000] {processor.py:186} INFO - Started process (PID=451) to work on /opt/airflow/dags/create_mart_dag.py
[2026-06-04T06:10:50.856+0000] {processor.py:914} INFO - Processing file /opt/airflow/dags/create_mart_dag.py for tasks to queue
[2026-06-04T06:10:50.858+0000] {logging_mixin.py:190} INFO - [2026-06-04T06:10:50.858+0000] {dagbag.py:588} INFO - Filling up the DagBag from /opt/airflow/dags/create_mart_dag.py
[2026-06-04T06:10:50.888+0000] {processor.py:925} INFO - DAG(s) 'create_analytics_mart' retrieved from /opt/airflow/dags/create_mart_dag.py
[2026-06-04T06:10:50.913+0000] {logging_mixin.py:190} INFO - [2026-06-04T06:10:50.913+0000] {dag.py:3239} INFO - Sync 1 DAGs
[2026-06-04T06:10:50.940+0000] {logging_mixin.py:190} INFO - [2026-06-04T06:10:50.940+0000] {dag.py:4180} INFO - Setting next_dagrun for create_analytics_mart to 2026-06-04 02:00:00+00:00, run_after=2026-06-05 02:00:00+00:00
[2026-06-04T06:10:50.966+0000] {processor.py:208} INFO - Processing /opt/airflow/dags/create_mart_dag.py took 0.116 seconds
[2026-06-04T06:11:21.138+0000] {processor.py:186} INFO - Started process (PID=462) to work on /opt/airflow/dags/create_mart_dag.py
[2026-06-04T06:11:21.139+0000] {processor.py:914} INFO - Processing file /opt/airflow/dags/create_mart_dag.py for tasks to queue
[2026-06-04T06:11:21.142+0000] {logging_mixin.py:190} INFO - [2026-06-04T06:11:21.142+0000] {dagbag.py:588} INFO - Filling up the DagBag from /opt/airflow/dags/create_mart_dag.py
[2026-06-04T06:11:21.181+0000] {processor.py:925} INFO - DAG(s) 'create_analytics_mart' retrieved from /opt/airflow/dags/create_mart_dag.py
[2026-06-04T06:11:21.216+0000] {logging_mixin.py:190} INFO - [2026-06-04T06:11:21.216+0000] {dag.py:3239} INFO - Sync 1 DAGs
[2026-06-04T06:11:21.241+0000] {logging_mixin.py:190} INFO - [2026-06-04T06:11:21.241+0000] {dag.py:4180} INFO - Setting next_dagrun for create_analytics_mart to 2026-06-04 02:00:00+00:00, run_after=2026-06-05 02:00:00+00:00
[2026-06-04T06:11:21.265+0000] {processor.py:208} INFO - Processing /opt/airflow/dags/create_mart_dag.py took 0.134 seconds
[2026-06-04T06:11:51.544+0000] {processor.py:186} INFO - Started process (PID=473) to work on /opt/airflow/dags/create_mart_dag.py
[2026-06-04T06:11:51.545+0000] {processor.py:914} INFO - Processing file /opt/airflow/dags/create_mart_dag.py for tasks to queue
[2026-06-04T06:11:51.548+0000] {logging_mixin.py:190} INFO - [2026-06-04T06:11:51.548+0000] {dagbag.py:588} INFO - Filling up the DagBag from /opt/airflow/dags/create_mart_dag.py
[2026-06-04T06:11:51.595+0000] {processor.py:925} INFO - DAG(s) 'create_analytics_mart' retrieved from /opt/airflow/dags/create_mart_dag.py
[2026-06-04T06:11:51.629+0000] {logging_mixin.py:190} INFO - [2026-06-04T06:11:51.629+0000] {dag.py:3239} INFO - Sync 1 DAGs
[2026-06-04T06:11:51.652+0000] {logging_mixin.py:190} INFO - [2026-06-04T06:11:51.651+0000] {dag.py:4180} INFO - Setting next_dagrun for create_analytics_mart to 2026-06-04 02:00:00+00:00, run_after=2026-06-05 02:00:00+00:00
[2026-06-04T06:11:51.671+0000] {processor.py:208} INFO - Processing /opt/airflow/dags/create_mart_dag.py took 0.139 seconds
[2026-06-04T06:12:21.837+0000] {processor.py:186} INFO - Started process (PID=484) to work on /opt/airflow/dags/create_mart_dag.py
[2026-06-04T06:12:21.839+0000] {processor.py:914} INFO - Processing file /opt/airflow/dags/create_mart_dag.py for tasks to queue
[2026-06-04T06:12:21.843+0000] {logging_mixin.py:190} INFO - [2026-06-04T06:12:21.842+0000] {dagbag.py:588} INFO - Filling up the DagBag from /opt/airflow/dags/create_mart_dag.py
[2026-06-04T06:12:21.881+0000] {processor.py:925} INFO - DAG(s) 'create_analytics_mart' retrieved from /opt/airflow/dags/create_mart_dag.py
[2026-06-04T06:12:21.926+0000] {logging_mixin.py:190} INFO - [2026-06-04T06:12:21.925+0000] {dag.py:3239} INFO - Sync 1 DAGs
[2026-06-04T06:12:21.960+0000] {logging_mixin.py:190} INFO - [2026-06-04T06:12:21.960+0000] {dag.py:4180} INFO - Setting next_dagrun for create_analytics_mart to 2026-06-04 02:00:00+00:00, run_after=2026-06-05 02:00:00+00:00
[2026-06-04T06:12:21.993+0000] {processor.py:208} INFO - Processing /opt/airflow/dags/create_mart_dag.py took 0.163 seconds
[2026-06-04T06:12:52.244+0000] {processor.py:186} INFO - Started process (PID=495) to work on /opt/airflow/dags/create_mart_dag.py
[2026-06-04T06:12:52.245+0000] {processor.py:914} INFO - Processing file /opt/airflow/dags/create_mart_dag.py for tasks to queue
[2026-06-04T06:12:52.247+0000] {logging_mixin.py:190} INFO - [2026-06-04T06:12:52.247+0000] {dagbag.py:588} INFO - Filling up the DagBag from /opt/airflow/dags/create_mart_dag.py
[2026-06-04T06:12:52.280+0000] {processor.py:925} INFO - DAG(s) 'create_analytics_mart' retrieved from /opt/airflow/dags/create_mart_dag.py
[2026-06-04T06:12:52.308+0000] {logging_mixin.py:190} INFO - [2026-06-04T06:12:52.307+0000] {dag.py:3239} INFO - Sync 1 DAGs
[2026-06-04T06:12:52.333+0000] {logging_mixin.py:190} INFO - [2026-06-04T06:12:52.333+0000] {dag.py:4180} INFO - Setting next_dagrun for create_analytics_mart to 2026-06-04 02:00:00+00:00, run_after=2026-06-05 02:00:00+00:00
[2026-06-04T06:12:52.360+0000] {processor.py:208} INFO - Processing /opt/airflow/dags/create_mart_dag.py took 0.124 seconds
[2026-06-04T06:13:22.565+0000] {processor.py:186} INFO - Started process (PID=506) to work on /opt/airflow/dags/create_mart_dag.py
[2026-06-04T06:13:22.567+0000] {processor.py:914} INFO - Processing file /opt/airflow/dags/create_mart_dag.py for tasks to queue
[2026-06-04T06:13:22.570+0000] {logging_mixin.py:190} INFO - [2026-06-04T06:13:22.570+0000] {dagbag.py:588} INFO - Filling up the DagBag from /opt/airflow/dags/create_mart_dag.py
[2026-06-04T06:13:22.614+0000] {processor.py:925} INFO - DAG(s) 'create_analytics_mart' retrieved from /opt/airflow/dags/create_mart_dag.py
[2026-06-04T06:13:22.652+0000] {logging_mixin.py:190} INFO - [2026-06-04T06:13:22.652+0000] {dag.py:3239} INFO - Sync 1 DAGs
[2026-06-04T06:13:22.680+0000] {logging_mixin.py:190} INFO - [2026-06-04T06:13:22.680+0000] {dag.py:4180} INFO - Setting next_dagrun for create_analytics_mart to 2026-06-04 02:00:00+00:00, run_after=2026-06-05 02:00:00+00:00
[2026-06-04T06:13:22.710+0000] {processor.py:208} INFO - Processing /opt/airflow/dags/create_mart_dag.py took 0.153 seconds
[2026-06-04T06:13:52.989+0000] {processor.py:186} INFO - Started process (PID=517) to work on /opt/airflow/dags/create_mart_dag.py
[2026-06-04T06:13:52.990+0000] {processor.py:914} INFO - Processing file /opt/airflow/dags/create_mart_dag.py for tasks to queue
[2026-06-04T06:13:52.994+0000] {logging_mixin.py:190} INFO - [2026-06-04T06:13:52.994+0000] {dagbag.py:588} INFO - Filling up the DagBag from /opt/airflow/dags/create_mart_dag.py
[2026-06-04T06:13:53.032+0000] {processor.py:925} INFO - DAG(s) 'create_analytics_mart' retrieved from /opt/airflow/dags/create_mart_dag.py
[2026-06-04T06:13:53.074+0000] {logging_mixin.py:190} INFO - [2026-06-04T06:13:53.074+0000] {dag.py:3239} INFO - Sync 1 DAGs
[2026-06-04T06:13:53.113+0000] {logging_mixin.py:190} INFO - [2026-06-04T06:13:53.112+0000] {dag.py:4180} INFO - Setting next_dagrun for create_analytics_mart to 2026-06-04 02:00:00+00:00, run_after=2026-06-05 02:00:00+00:00
[2026-06-04T06:13:53.147+0000] {processor.py:208} INFO - Processing /opt/airflow/dags/create_mart_dag.py took 0.166 seconds
[2026-06-04T06:14:23.318+0000] {processor.py:186} INFO - Started process (PID=528) to work on /opt/airflow/dags/create_mart_dag.py
[2026-06-04T06:14:23.320+0000] {processor.py:914} INFO - Processing file /opt/airflow/dags/create_mart_dag.py for tasks to queue
[2026-06-04T06:14:23.324+0000] {logging_mixin.py:190} INFO - [2026-06-04T06:14:23.324+0000] {dagbag.py:588} INFO - Filling up the DagBag from /opt/airflow/dags/create_mart_dag.py
[2026-06-04T06:14:23.364+0000] {processor.py:925} INFO - DAG(s) 'create_analytics_mart' retrieved from /opt/airflow/dags/create_mart_dag.py
[2026-06-04T06:14:23.405+0000] {logging_mixin.py:190} INFO - [2026-06-04T06:14:23.405+0000] {dag.py:3239} INFO - Sync 1 DAGs
[2026-06-04T06:14:23.433+0000] {logging_mixin.py:190} INFO - [2026-06-04T06:14:23.432+0000] {dag.py:4180} INFO - Setting next_dagrun for create_analytics_mart to 2026-06-04 02:00:00+00:00, run_after=2026-06-05 02:00:00+00:00
[2026-06-04T06:14:23.466+0000] {processor.py:208} INFO - Processing /opt/airflow/dags/create_mart_dag.py took 0.156 seconds
[2026-06-04T06:14:53.746+0000] {processor.py:186} INFO - Started process (PID=539) to work on /opt/airflow/dags/create_mart_dag.py
[2026-06-04T06:14:53.748+0000] {processor.py:914} INFO - Processing file /opt/airflow/dags/create_mart_dag.py for tasks to queue
[2026-06-04T06:14:53.752+0000] {logging_mixin.py:190} INFO - [2026-06-04T06:14:53.751+0000] {dagbag.py:588} INFO - Filling up the DagBag from /opt/airflow/dags/create_mart_dag.py
[2026-06-04T06:14:53.788+0000] {processor.py:925} INFO - DAG(s) 'create_analytics_mart' retrieved from /opt/airflow/dags/create_mart_dag.py
[2026-06-04T06:14:53.826+0000] {logging_mixin.py:190} INFO - [2026-06-04T06:14:53.826+0000] {dag.py:3239} INFO - Sync 1 DAGs
[2026-06-04T06:14:53.853+0000] {logging_mixin.py:190} INFO - [2026-06-04T06:14:53.853+0000] {dag.py:4180} INFO - Setting next_dagrun for create_analytics_mart to 2026-06-04 02:00:00+00:00, run_after=2026-06-05 02:00:00+00:00
[2026-06-04T06:14:53.884+0000] {processor.py:208} INFO - Processing /opt/airflow/dags/create_mart_dag.py took 0.148 seconds
[2026-06-04T06:15:24.045+0000] {processor.py:186} INFO - Started process (PID=550) to work on /opt/airflow/dags/create_mart_dag.py
[2026-06-04T06:15:24.047+0000] {processor.py:914} INFO - Processing file /opt/airflow/dags/create_mart_dag.py for tasks to queue
[2026-06-04T06:15:24.050+0000] {logging_mixin.py:190} INFO - [2026-06-04T06:15:24.050+0000] {dagbag.py:588} INFO - Filling up the DagBag from /opt/airflow/dags/create_mart_dag.py
[2026-06-04T06:15:24.086+0000] {processor.py:925} INFO - DAG(s) 'create_analytics_mart' retrieved from /opt/airflow/dags/create_mart_dag.py
[2026-06-04T06:15:24.125+0000] {logging_mixin.py:190} INFO - [2026-06-04T06:15:24.125+0000] {dag.py:3239} INFO - Sync 1 DAGs
[2026-06-04T06:15:24.167+0000] {logging_mixin.py:190} INFO - [2026-06-04T06:15:24.167+0000] {dag.py:4180} INFO - Setting next_dagrun for create_analytics_mart to 2026-06-04 02:00:00+00:00, run_after=2026-06-05 02:00:00+00:00
[2026-06-04T06:15:24.201+0000] {processor.py:208} INFO - Processing /opt/airflow/dags/create_mart_dag.py took 0.164 seconds
[2026-06-04T06:15:54.453+0000] {processor.py:186} INFO - Started process (PID=564) to work on /opt/airflow/dags/create_mart_dag.py
[2026-06-04T06:15:54.454+0000] {processor.py:914} INFO - Processing file /opt/airflow/dags/create_mart_dag.py for tasks to queue
[2026-06-04T06:15:54.456+0000] {logging_mixin.py:190} INFO - [2026-06-04T06:15:54.456+0000] {dagbag.py:588} INFO - Filling up the DagBag from /opt/airflow/dags/create_mart_dag.py
[2026-06-04T06:15:54.488+0000] {processor.py:925} INFO - DAG(s) 'create_analytics_mart' retrieved from /opt/airflow/dags/create_mart_dag.py
[2026-06-04T06:15:54.516+0000] {logging_mixin.py:190} INFO - [2026-06-04T06:15:54.516+0000] {dag.py:3239} INFO - Sync 1 DAGs
[2026-06-04T06:15:54.550+0000] {logging_mixin.py:190} INFO - [2026-06-04T06:15:54.550+0000] {dag.py:4180} INFO - Setting next_dagrun for create_analytics_mart to 2026-06-04 02:00:00+00:00, run_after=2026-06-05 02:00:00+00:00
[2026-06-04T06:15:54.580+0000] {processor.py:208} INFO - Processing /opt/airflow/dags/create_mart_dag.py took 0.132 seconds
[2026-06-04T06:16:24.773+0000] {processor.py:186} INFO - Started process (PID=581) to work on /opt/airflow/dags/create_mart_dag.py
[2026-06-04T06:16:24.774+0000] {processor.py:914} INFO - Processing file /opt/airflow/dags/create_mart_dag.py for tasks to queue
[2026-06-04T06:16:24.776+0000] {logging_mixin.py:190} INFO - [2026-06-04T06:16:24.776+0000] {dagbag.py:588} INFO - Filling up the DagBag from /opt/airflow/dags/create_mart_dag.py
[2026-06-04T06:16:24.819+0000] {processor.py:925} INFO - DAG(s) 'create_analytics_mart' retrieved from /opt/airflow/dags/create_mart_dag.py
[2026-06-04T06:16:24.853+0000] {logging_mixin.py:190} INFO - [2026-06-04T06:16:24.853+0000] {dag.py:3239} INFO - Sync 1 DAGs
[2026-06-04T06:16:24.883+0000] {logging_mixin.py:190} INFO - [2026-06-04T06:16:24.882+0000] {dag.py:4180} INFO - Setting next_dagrun for create_analytics_mart to 2026-06-04 02:00:00+00:00, run_after=2026-06-05 02:00:00+00:00
[2026-06-04T06:16:24.950+0000] {processor.py:208} INFO - Processing /opt/airflow/dags/create_mart_dag.py took 0.183 seconds
[2026-06-04T06:16:55.127+0000] {processor.py:186} INFO - Started process (PID=592) to work on /opt/airflow/dags/create_mart_dag.py
[2026-06-04T06:16:55.128+0000] {processor.py:914} INFO - Processing file /opt/airflow/dags/create_mart_dag.py for tasks to queue
[2026-06-04T06:16:55.132+0000] {logging_mixin.py:190} INFO - [2026-06-04T06:16:55.132+0000] {dagbag.py:588} INFO - Filling up the DagBag from /opt/airflow/dags/create_mart_dag.py
[2026-06-04T06:16:55.171+0000] {processor.py:925} INFO - DAG(s) 'create_analytics_mart' retrieved from /opt/airflow/dags/create_mart_dag.py
[2026-06-04T06:16:55.206+0000] {logging_mixin.py:190} INFO - [2026-06-04T06:16:55.205+0000] {dag.py:3239} INFO - Sync 1 DAGs
[2026-06-04T06:16:55.235+0000] {logging_mixin.py:190} INFO - [2026-06-04T06:16:55.235+0000] {dag.py:4180} INFO - Setting next_dagrun for create_analytics_mart to 2026-06-04 02:00:00+00:00, run_after=2026-06-05 02:00:00+00:00
[2026-06-04T06:16:55.266+0000] {processor.py:208} INFO - Processing /opt/airflow/dags/create_mart_dag.py took 0.147 seconds
[2026-06-04T06:17:25.500+0000] {processor.py:186} INFO - Started process (PID=603) to work on /opt/airflow/dags/create_mart_dag.py
[2026-06-04T06:17:25.502+0000] {processor.py:914} INFO - Processing file /opt/airflow/dags/create_mart_dag.py for tasks to queue
[2026-06-04T06:17:25.507+0000] {logging_mixin.py:190} INFO - [2026-06-04T06:17:25.506+0000] {dagbag.py:588} INFO - Filling up the DagBag from /opt/airflow/dags/create_mart_dag.py
[2026-06-04T06:17:25.545+0000] {processor.py:925} INFO - DAG(s) 'create_analytics_mart' retrieved from /opt/airflow/dags/create_mart_dag.py
[2026-06-04T06:17:25.586+0000] {logging_mixin.py:190} INFO - [2026-06-04T06:17:25.585+0000] {dag.py:3239} INFO - Sync 1 DAGs
[2026-06-04T06:17:25.614+0000] {logging_mixin.py:190} INFO - [2026-06-04T06:17:25.614+0000] {dag.py:4180} INFO - Setting next_dagrun for create_analytics_mart to 2026-06-04 02:00:00+00:00, run_after=2026-06-05 02:00:00+00:00
[2026-06-04T06:17:25.645+0000] {processor.py:208} INFO - Processing /opt/airflow/dags/create_mart_dag.py took 0.154 seconds
[2026-06-04T06:17:55.833+0000] {processor.py:186} INFO - Started process (PID=614) to work on /opt/airflow/dags/create_mart_dag.py
[2026-06-04T06:17:55.835+0000] {processor.py:914} INFO - Processing file /opt/airflow/dags/create_mart_dag.py for tasks to queue
[2026-06-04T06:17:55.839+0000] {logging_mixin.py:190} INFO - [2026-06-04T06:17:55.838+0000] {dagbag.py:588} INFO - Filling up the DagBag from /opt/airflow/dags/create_mart_dag.py
[2026-06-04T06:17:55.905+0000] {processor.py:925} INFO - DAG(s) 'create_analytics_mart' retrieved from /opt/airflow/dags/create_mart_dag.py
[2026-06-04T06:17:55.955+0000] {logging_mixin.py:190} INFO - [2026-06-04T06:17:55.954+0000] {dag.py:3239} INFO - Sync 1 DAGs
[2026-06-04T06:17:55.987+0000] {logging_mixin.py:190} INFO - [2026-06-04T06:17:55.986+0000] {dag.py:4180} INFO - Setting next_dagrun for create_analytics_mart to 2026-06-04 02:00:00+00:00, run_after=2026-06-05 02:00:00+00:00
[2026-06-04T06:17:56.016+0000] {processor.py:208} INFO - Processing /opt/airflow/dags/create_mart_dag.py took 0.199 seconds
[2026-06-04T06:18:26.252+0000] {processor.py:186} INFO - Started process (PID=625) to work on /opt/airflow/dags/create_mart_dag.py
[2026-06-04T06:18:26.254+0000] {processor.py:914} INFO - Processing file /opt/airflow/dags/create_mart_dag.py for tasks to queue
[2026-06-04T06:18:26.257+0000] {logging_mixin.py:190} INFO - [2026-06-04T06:18:26.257+0000] {dagbag.py:588} INFO - Filling up the DagBag from /opt/airflow/dags/create_mart_dag.py
[2026-06-04T06:18:26.299+0000] {processor.py:925} INFO - DAG(s) 'create_analytics_mart' retrieved from /opt/airflow/dags/create_mart_dag.py
[2026-06-04T06:18:26.344+0000] {logging_mixin.py:190} INFO - [2026-06-04T06:18:26.343+0000] {dag.py:3239} INFO - Sync 1 DAGs
[2026-06-04T06:18:26.385+0000] {logging_mixin.py:190} INFO - [2026-06-04T06:18:26.384+0000] {dag.py:4180} INFO - Setting next_dagrun for create_analytics_mart to 2026-06-04 02:00:00+00:00, run_after=2026-06-05 02:00:00+00:00
[2026-06-04T06:18:26.424+0000] {processor.py:208} INFO - Processing /opt/airflow/dags/create_mart_dag.py took 0.181 seconds
[2026-06-04T06:18:56.665+0000] {processor.py:186} INFO - Started process (PID=636) to work on /opt/airflow/dags/create_mart_dag.py
[2026-06-04T06:18:56.666+0000] {processor.py:914} INFO - Processing file /opt/airflow/dags/create_mart_dag.py for tasks to queue
[2026-06-04T06:18:56.670+0000] {logging_mixin.py:190} INFO - [2026-06-04T06:18:56.669+0000] {dagbag.py:588} INFO - Filling up the DagBag from /opt/airflow/dags/create_mart_dag.py
[2026-06-04T06:18:56.703+0000] {processor.py:925} INFO - DAG(s) 'create_analytics_mart' retrieved from /opt/airflow/dags/create_mart_dag.py
[2026-06-04T06:18:56.736+0000] {logging_mixin.py:190} INFO - [2026-06-04T06:18:56.736+0000] {dag.py:3239} INFO - Sync 1 DAGs
[2026-06-04T06:18:56.766+0000] {logging_mixin.py:190} INFO - [2026-06-04T06:18:56.765+0000] {dag.py:4180} INFO - Setting next_dagrun for create_analytics_mart to 2026-06-04 02:00:00+00:00, run_after=2026-06-05 02:00:00+00:00
[2026-06-04T06:18:56.794+0000] {processor.py:208} INFO - Processing /opt/airflow/dags/create_mart_dag.py took 0.134 seconds
[2026-06-04T06:19:27.004+0000] {processor.py:186} INFO - Started process (PID=647) to work on /opt/airflow/dags/create_mart_dag.py
[2026-06-04T06:19:27.005+0000] {processor.py:914} INFO - Processing file /opt/airflow/dags/create_mart_dag.py for tasks to queue
[2026-06-04T06:19:27.007+0000] {logging_mixin.py:190} INFO - [2026-06-04T06:19:27.007+0000] {dagbag.py:588} INFO - Filling up the DagBag from /opt/airflow/dags/create_mart_dag.py
[2026-06-04T06:19:27.042+0000] {processor.py:925} INFO - DAG(s) 'create_analytics_mart' retrieved from /opt/airflow/dags/create_mart_dag.py
[2026-06-04T06:19:27.069+0000] {logging_mixin.py:190} INFO - [2026-06-04T06:19:27.069+0000] {dag.py:3239} INFO - Sync 1 DAGs
[2026-06-04T06:19:27.095+0000] {logging_mixin.py:190} INFO - [2026-06-04T06:19:27.095+0000] {dag.py:4180} INFO - Setting next_dagrun for create_analytics_mart to 2026-06-04 02:00:00+00:00, run_after=2026-06-05 02:00:00+00:00
[2026-06-04T06:19:27.121+0000] {processor.py:208} INFO - Processing /opt/airflow/dags/create_mart_dag.py took 0.123 seconds
[2026-06-04T06:19:57.354+0000] {processor.py:186} INFO - Started process (PID=658) to work on /opt/airflow/dags/create_mart_dag.py
[2026-06-04T06:19:57.355+0000] {processor.py:914} INFO - Processing file /opt/airflow/dags/create_mart_dag.py for tasks to queue
[2026-06-04T06:19:57.357+0000] {logging_mixin.py:190} INFO - [2026-06-04T06:19:57.357+0000] {dagbag.py:588} INFO - Filling up the DagBag from /opt/airflow/dags/create_mart_dag.py
[2026-06-04T06:19:57.388+0000] {processor.py:925} INFO - DAG(s) 'create_analytics_mart' retrieved from /opt/airflow/dags/create_mart_dag.py
[2026-06-04T06:19:57.427+0000] {logging_mixin.py:190} INFO - [2026-06-04T06:19:57.426+0000] {dag.py:3239} INFO - Sync 1 DAGs
[2026-06-04T06:19:57.452+0000] {logging_mixin.py:190} INFO - [2026-06-04T06:19:57.451+0000] {dag.py:4180} INFO - Setting next_dagrun for create_analytics_mart to 2026-06-04 02:00:00+00:00, run_after=2026-06-05 02:00:00+00:00
[2026-06-04T06:19:57.486+0000] {processor.py:208} INFO - Processing /opt/airflow/dags/create_mart_dag.py took 0.137 seconds
[2026-06-04T06:22:41.771+0000] {processor.py:186} INFO - Started process (PID=176) to work on /opt/airflow/dags/create_mart_dag.py
[2026-06-04T06:22:41.772+0000] {processor.py:914} INFO - Processing file /opt/airflow/dags/create_mart_dag.py for tasks to queue
[2026-06-04T06:22:41.774+0000] {logging_mixin.py:190} INFO - [2026-06-04T06:22:41.774+0000] {dagbag.py:588} INFO - Filling up the DagBag from /opt/airflow/dags/create_mart_dag.py
[2026-06-04T06:22:41.820+0000] {processor.py:925} INFO - DAG(s) 'create_analytics_mart' retrieved from /opt/airflow/dags/create_mart_dag.py
[2026-06-04T06:22:41.865+0000] {logging_mixin.py:190} INFO - [2026-06-04T06:22:41.864+0000] {dag.py:3239} INFO - Sync 1 DAGs
[2026-06-04T06:22:41.896+0000] {logging_mixin.py:190} INFO - [2026-06-04T06:22:41.896+0000] {dag.py:4180} INFO - Setting next_dagrun for create_analytics_mart to 2026-06-04 02:00:00+00:00, run_after=2026-06-05 02:00:00+00:00
[2026-06-04T06:22:41.919+0000] {processor.py:208} INFO - Processing /opt/airflow/dags/create_mart_dag.py took 0.154 seconds
[2026-06-04T06:23:12.056+0000] {processor.py:186} INFO - Started process (PID=187) to work on /opt/airflow/dags/create_mart_dag.py
[2026-06-04T06:23:12.057+0000] {processor.py:914} INFO - Processing file /opt/airflow/dags/create_mart_dag.py for tasks to queue
[2026-06-04T06:23:12.060+0000] {logging_mixin.py:190} INFO - [2026-06-04T06:23:12.060+0000] {dagbag.py:588} INFO - Filling up the DagBag from /opt/airflow/dags/create_mart_dag.py
[2026-06-04T06:23:12.099+0000] {processor.py:925} INFO - DAG(s) 'create_analytics_mart' retrieved from /opt/airflow/dags/create_mart_dag.py
[2026-06-04T06:23:12.130+0000] {logging_mixin.py:190} INFO - [2026-06-04T06:23:12.130+0000] {dag.py:3239} INFO - Sync 1 DAGs
[2026-06-04T06:23:12.155+0000] {logging_mixin.py:190} INFO - [2026-06-04T06:23:12.155+0000] {dag.py:4180} INFO - Setting next_dagrun for create_analytics_mart to 2026-06-04 02:00:00+00:00, run_after=2026-06-05 02:00:00+00:00
[2026-06-04T06:23:12.179+0000] {processor.py:208} INFO - Processing /opt/airflow/dags/create_mart_dag.py took 0.132 seconds
[2026-06-04T06:23:42.475+0000] {processor.py:186} INFO - Started process (PID=198) to work on /opt/airflow/dags/create_mart_dag.py
[2026-06-04T06:23:42.476+0000] {processor.py:914} INFO - Processing file /opt/airflow/dags/create_mart_dag.py for tasks to queue
[2026-06-04T06:23:42.478+0000] {logging_mixin.py:190} INFO - [2026-06-04T06:23:42.478+0000] {dagbag.py:588} INFO - Filling up the DagBag from /opt/airflow/dags/create_mart_dag.py
[2026-06-04T06:23:42.511+0000] {processor.py:925} INFO - DAG(s) 'create_analytics_mart' retrieved from /opt/airflow/dags/create_mart_dag.py
[2026-06-04T06:23:42.542+0000] {logging_mixin.py:190} INFO - [2026-06-04T06:23:42.542+0000] {dag.py:3239} INFO - Sync 1 DAGs
[2026-06-04T06:23:42.567+0000] {logging_mixin.py:190} INFO - [2026-06-04T06:23:42.567+0000] {dag.py:4180} INFO - Setting next_dagrun for create_analytics_mart to 2026-06-04 02:00:00+00:00, run_after=2026-06-05 02:00:00+00:00
[2026-06-04T06:23:42.595+0000] {processor.py:208} INFO - Processing /opt/airflow/dags/create_mart_dag.py took 0.127 seconds
[2026-06-04T06:24:12.784+0000] {processor.py:186} INFO - Started process (PID=213) to work on /opt/airflow/dags/create_mart_dag.py
[2026-06-04T06:24:12.785+0000] {processor.py:914} INFO - Processing file /opt/airflow/dags/create_mart_dag.py for tasks to queue
[2026-06-04T06:24:12.788+0000] {logging_mixin.py:190} INFO - [2026-06-04T06:24:12.788+0000] {dagbag.py:588} INFO - Filling up the DagBag from /opt/airflow/dags/create_mart_dag.py
[2026-06-04T06:24:12.819+0000] {processor.py:925} INFO - DAG(s) 'create_analytics_mart' retrieved from /opt/airflow/dags/create_mart_dag.py
[2026-06-04T06:24:12.847+0000] {logging_mixin.py:190} INFO - [2026-06-04T06:24:12.847+0000] {dag.py:3239} INFO - Sync 1 DAGs
[2026-06-04T06:24:12.871+0000] {logging_mixin.py:190} INFO - [2026-06-04T06:24:12.871+0000] {dag.py:4180} INFO - Setting next_dagrun for create_analytics_mart to 2026-06-04 02:00:00+00:00, run_after=2026-06-05 02:00:00+00:00
[2026-06-04T06:24:12.895+0000] {processor.py:208} INFO - Processing /opt/airflow/dags/create_mart_dag.py took 0.118 seconds
[2026-06-04T06:24:43.172+0000] {processor.py:186} INFO - Started process (PID=224) to work on /opt/airflow/dags/create_mart_dag.py
[2026-06-04T06:24:43.173+0000] {processor.py:914} INFO - Processing file /opt/airflow/dags/create_mart_dag.py for tasks to queue
[2026-06-04T06:24:43.175+0000] {logging_mixin.py:190} INFO - [2026-06-04T06:24:43.175+0000] {dagbag.py:588} INFO - Filling up the DagBag from /opt/airflow/dags/create_mart_dag.py
[2026-06-04T06:24:43.217+0000] {processor.py:925} INFO - DAG(s) 'create_analytics_mart' retrieved from /opt/airflow/dags/create_mart_dag.py
[2026-06-04T06:24:43.257+0000] {logging_mixin.py:190} INFO - [2026-06-04T06:24:43.257+0000] {dag.py:3239} INFO - Sync 1 DAGs
[2026-06-04T06:24:43.281+0000] {logging_mixin.py:190} INFO - [2026-06-04T06:24:43.281+0000] {dag.py:4180} INFO - Setting next_dagrun for create_analytics_mart to 2026-06-04 02:00:00+00:00, run_after=2026-06-05 02:00:00+00:00
[2026-06-04T06:24:43.311+0000] {processor.py:208} INFO - Processing /opt/airflow/dags/create_mart_dag.py took 0.147 seconds
[2026-06-04T06:25:13.477+0000] {processor.py:186} INFO - Started process (PID=235) to work on /opt/airflow/dags/create_mart_dag.py
[2026-06-04T06:25:13.478+0000] {processor.py:914} INFO - Processing file /opt/airflow/dags/create_mart_dag.py for tasks to queue
[2026-06-04T06:25:13.481+0000] {logging_mixin.py:190} INFO - [2026-06-04T06:25:13.481+0000] {dagbag.py:588} INFO - Filling up the DagBag from /opt/airflow/dags/create_mart_dag.py
[2026-06-04T06:25:13.518+0000] {processor.py:925} INFO - DAG(s) 'create_analytics_mart' retrieved from /opt/airflow/dags/create_mart_dag.py
[2026-06-04T06:25:13.552+0000] {logging_mixin.py:190} INFO - [2026-06-04T06:25:13.551+0000] {dag.py:3239} INFO - Sync 1 DAGs
[2026-06-04T06:25:13.577+0000] {logging_mixin.py:190} INFO - [2026-06-04T06:25:13.577+0000] {dag.py:4180} INFO - Setting next_dagrun for create_analytics_mart to 2026-06-04 02:00:00+00:00, run_after=2026-06-05 02:00:00+00:00
[2026-06-04T06:25:13.605+0000] {processor.py:208} INFO - Processing /opt/airflow/dags/create_mart_dag.py took 0.135 seconds
[2026-06-04T06:25:43.891+0000] {processor.py:186} INFO - Started process (PID=247) to work on /opt/airflow/dags/create_mart_dag.py
[2026-06-04T06:25:43.893+0000] {processor.py:914} INFO - Processing file /opt/airflow/dags/create_mart_dag.py for tasks to queue
[2026-06-04T06:25:43.898+0000] {logging_mixin.py:190} INFO - [2026-06-04T06:25:43.898+0000] {dagbag.py:588} INFO - Filling up the DagBag from /opt/airflow/dags/create_mart_dag.py
[2026-06-04T06:25:43.948+0000] {processor.py:925} INFO - DAG(s) 'create_analytics_mart' retrieved from /opt/airflow/dags/create_mart_dag.py
[2026-06-04T06:25:43.997+0000] {logging_mixin.py:190} INFO - [2026-06-04T06:25:43.996+0000] {dag.py:3239} INFO - Sync 1 DAGs
[2026-06-04T06:25:44.040+0000] {logging_mixin.py:190} INFO - [2026-06-04T06:25:44.040+0000] {dag.py:4180} INFO - Setting next_dagrun for create_analytics_mart to 2026-06-04 02:00:00+00:00, run_after=2026-06-05 02:00:00+00:00
[2026-06-04T06:25:44.079+0000] {processor.py:208} INFO - Processing /opt/airflow/dags/create_mart_dag.py took 0.198 seconds
[2026-06-04T06:26:14.177+0000] {processor.py:186} INFO - Started process (PID=258) to work on /opt/airflow/dags/create_mart_dag.py
[2026-06-04T06:26:14.178+0000] {processor.py:914} INFO - Processing file /opt/airflow/dags/create_mart_dag.py for tasks to queue
[2026-06-04T06:26:14.181+0000] {logging_mixin.py:190} INFO - [2026-06-04T06:26:14.181+0000] {dagbag.py:588} INFO - Filling up the DagBag from /opt/airflow/dags/create_mart_dag.py
[2026-06-04T06:26:14.210+0000] {processor.py:925} INFO - DAG(s) 'create_analytics_mart' retrieved from /opt/airflow/dags/create_mart_dag.py
[2026-06-04T06:26:14.242+0000] {logging_mixin.py:190} INFO - [2026-06-04T06:26:14.242+0000] {dag.py:3239} INFO - Sync 1 DAGs
[2026-06-04T06:26:14.267+0000] {logging_mixin.py:190} INFO - [2026-06-04T06:26:14.267+0000] {dag.py:4180} INFO - Setting next_dagrun for create_analytics_mart to 2026-06-04 02:00:00+00:00, run_after=2026-06-05 02:00:00+00:00
[2026-06-04T06:26:14.286+0000] {processor.py:208} INFO - Processing /opt/airflow/dags/create_mart_dag.py took 0.114 seconds
[2026-06-04T06:26:44.458+0000] {processor.py:186} INFO - Started process (PID=272) to work on /opt/airflow/dags/create_mart_dag.py
[2026-06-04T06:26:44.459+0000] {processor.py:914} INFO - Processing file /opt/airflow/dags/create_mart_dag.py for tasks to queue
[2026-06-04T06:26:44.462+0000] {logging_mixin.py:190} INFO - [2026-06-04T06:26:44.462+0000] {dagbag.py:588} INFO - Filling up the DagBag from /opt/airflow/dags/create_mart_dag.py
[2026-06-04T06:26:44.493+0000] {processor.py:925} INFO - DAG(s) 'create_analytics_mart' retrieved from /opt/airflow/dags/create_mart_dag.py
[2026-06-04T06:26:44.518+0000] {logging_mixin.py:190} INFO - [2026-06-04T06:26:44.518+0000] {dag.py:3239} INFO - Sync 1 DAGs
[2026-06-04T06:26:44.539+0000] {logging_mixin.py:190} INFO - [2026-06-04T06:26:44.539+0000] {dag.py:4180} INFO - Setting next_dagrun for create_analytics_mart to 2026-06-04 02:00:00+00:00, run_after=2026-06-05 02:00:00+00:00
[2026-06-04T06:26:44.565+0000] {processor.py:208} INFO - Processing /opt/airflow/dags/create_mart_dag.py took 0.112 seconds
[2026-06-04T06:27:14.860+0000] {processor.py:186} INFO - Started process (PID=283) to work on /opt/airflow/dags/create_mart_dag.py
[2026-06-04T06:27:14.861+0000] {processor.py:914} INFO - Processing file /opt/airflow/dags/create_mart_dag.py for tasks to queue
[2026-06-04T06:27:14.864+0000] {logging_mixin.py:190} INFO - [2026-06-04T06:27:14.864+0000] {dagbag.py:588} INFO - Filling up the DagBag from /opt/airflow/dags/create_mart_dag.py
[2026-06-04T06:27:14.895+0000] {processor.py:925} INFO - DAG(s) 'create_analytics_mart' retrieved from /opt/airflow/dags/create_mart_dag.py
[2026-06-04T06:27:14.935+0000] {logging_mixin.py:190} INFO - [2026-06-04T06:27:14.935+0000] {dag.py:3239} INFO - Sync 1 DAGs
[2026-06-04T06:27:14.965+0000] {logging_mixin.py:190} INFO - [2026-06-04T06:27:14.965+0000] {dag.py:4180} INFO - Setting next_dagrun for create_analytics_mart to 2026-06-04 02:00:00+00:00, run_after=2026-06-05 02:00:00+00:00
[2026-06-04T06:27:14.994+0000] {processor.py:208} INFO - Processing /opt/airflow/dags/create_mart_dag.py took 0.139 seconds
[2026-06-04T06:27:45.214+0000] {processor.py:186} INFO - Started process (PID=295) to work on /opt/airflow/dags/create_mart_dag.py
[2026-06-04T06:27:45.216+0000] {processor.py:914} INFO - Processing file /opt/airflow/dags/create_mart_dag.py for tasks to queue
[2026-06-04T06:27:45.218+0000] {logging_mixin.py:190} INFO - [2026-06-04T06:27:45.218+0000] {dagbag.py:588} INFO - Filling up the DagBag from /opt/airflow/dags/create_mart_dag.py
[2026-06-04T06:27:45.250+0000] {processor.py:925} INFO - DAG(s) 'create_analytics_mart' retrieved from /opt/airflow/dags/create_mart_dag.py
[2026-06-04T06:27:45.279+0000] {logging_mixin.py:190} INFO - [2026-06-04T06:27:45.278+0000] {dag.py:3239} INFO - Sync 1 DAGs
[2026-06-04T06:27:45.304+0000] {logging_mixin.py:190} INFO - [2026-06-04T06:27:45.303+0000] {dag.py:4180} INFO - Setting next_dagrun for create_analytics_mart to 2026-06-04 02:00:00+00:00, run_after=2026-06-05 02:00:00+00:00
[2026-06-04T06:27:45.322+0000] {processor.py:208} INFO - Processing /opt/airflow/dags/create_mart_dag.py took 0.115 seconds
[2026-06-04T06:28:15.593+0000] {processor.py:186} INFO - Started process (PID=306) to work on /opt/airflow/dags/create_mart_dag.py
[2026-06-04T06:28:15.595+0000] {processor.py:914} INFO - Processing file /opt/airflow/dags/create_mart_dag.py for tasks to queue
[2026-06-04T06:28:15.597+0000] {logging_mixin.py:190} INFO - [2026-06-04T06:28:15.597+0000] {dagbag.py:588} INFO - Filling up the DagBag from /opt/airflow/dags/create_mart_dag.py
[2026-06-04T06:28:15.630+0000] {processor.py:925} INFO - DAG(s) 'create_analytics_mart' retrieved from /opt/airflow/dags/create_mart_dag.py
[2026-06-04T06:28:15.664+0000] {logging_mixin.py:190} INFO - [2026-06-04T06:28:15.664+0000] {dag.py:3239} INFO - Sync 1 DAGs
[2026-06-04T06:28:15.691+0000] {logging_mixin.py:190} INFO - [2026-06-04T06:28:15.691+0000] {dag.py:4180} INFO - Setting next_dagrun for create_analytics_mart to 2026-06-04 02:00:00+00:00, run_after=2026-06-05 02:00:00+00:00
[2026-06-04T06:28:15.717+0000] {processor.py:208} INFO - Processing /opt/airflow/dags/create_mart_dag.py took 0.130 seconds
[2026-06-04T06:28:45.894+0000] {processor.py:186} INFO - Started process (PID=317) to work on /opt/airflow/dags/create_mart_dag.py
[2026-06-04T06:28:45.896+0000] {processor.py:914} INFO - Processing file /opt/airflow/dags/create_mart_dag.py for tasks to queue
[2026-06-04T06:28:45.898+0000] {logging_mixin.py:190} INFO - [2026-06-04T06:28:45.898+0000] {dagbag.py:588} INFO - Filling up the DagBag from /opt/airflow/dags/create_mart_dag.py
[2026-06-04T06:28:45.937+0000] {processor.py:925} INFO - DAG(s) 'create_analytics_mart' retrieved from /opt/airflow/dags/create_mart_dag.py
[2026-06-04T06:28:45.972+0000] {logging_mixin.py:190} INFO - [2026-06-04T06:28:45.972+0000] {dag.py:3239} INFO - Sync 1 DAGs
[2026-06-04T06:28:46.002+0000] {logging_mixin.py:190} INFO - [2026-06-04T06:28:46.002+0000] {dag.py:4180} INFO - Setting next_dagrun for create_analytics_mart to 2026-06-04 02:00:00+00:00, run_after=2026-06-05 02:00:00+00:00
[2026-06-04T06:28:46.032+0000] {processor.py:208} INFO - Processing /opt/airflow/dags/create_mart_dag.py took 0.143 seconds
[2026-06-04T06:29:16.341+0000] {processor.py:186} INFO - Started process (PID=328) to work on /opt/airflow/dags/create_mart_dag.py
[2026-06-04T06:29:16.342+0000] {processor.py:914} INFO - Processing file /opt/airflow/dags/create_mart_dag.py for tasks to queue
[2026-06-04T06:29:16.346+0000] {logging_mixin.py:190} INFO - [2026-06-04T06:29:16.345+0000] {dagbag.py:588} INFO - Filling up the DagBag from /opt/airflow/dags/create_mart_dag.py
[2026-06-04T06:29:16.376+0000] {processor.py:925} INFO - DAG(s) 'create_analytics_mart' retrieved from /opt/airflow/dags/create_mart_dag.py
[2026-06-04T06:29:16.408+0000] {logging_mixin.py:190} INFO - [2026-06-04T06:29:16.408+0000] {dag.py:3239} INFO - Sync 1 DAGs
[2026-06-04T06:29:16.437+0000] {logging_mixin.py:190} INFO - [2026-06-04T06:29:16.437+0000] {dag.py:4180} INFO - Setting next_dagrun for create_analytics_mart to 2026-06-04 02:00:00+00:00, run_after=2026-06-05 02:00:00+00:00
[2026-06-04T06:29:16.463+0000] {processor.py:208} INFO - Processing /opt/airflow/dags/create_mart_dag.py took 0.131 seconds
[2026-06-04T06:29:46.655+0000] {processor.py:186} INFO - Started process (PID=339) to work on /opt/airflow/dags/create_mart_dag.py
[2026-06-04T06:29:46.657+0000] {processor.py:914} INFO - Processing file /opt/airflow/dags/create_mart_dag.py for tasks to queue
[2026-06-04T06:29:46.659+0000] {logging_mixin.py:190} INFO - [2026-06-04T06:29:46.659+0000] {dagbag.py:588} INFO - Filling up the DagBag from /opt/airflow/dags/create_mart_dag.py
[2026-06-04T06:29:46.691+0000] {processor.py:925} INFO - DAG(s) 'create_analytics_mart' retrieved from /opt/airflow/dags/create_mart_dag.py
[2026-06-04T06:29:46.725+0000] {logging_mixin.py:190} INFO - [2026-06-04T06:29:46.725+0000] {dag.py:3239} INFO - Sync 1 DAGs
[2026-06-04T06:29:46.751+0000] {logging_mixin.py:190} INFO - [2026-06-04T06:29:46.751+0000] {dag.py:4180} INFO - Setting next_dagrun for create_analytics_mart to 2026-06-04 02:00:00+00:00, run_after=2026-06-05 02:00:00+00:00
[2026-06-04T06:29:46.778+0000] {processor.py:208} INFO - Processing /opt/airflow/dags/create_mart_dag.py took 0.130 seconds
[2026-06-04T06:30:17.042+0000] {processor.py:186} INFO - Started process (PID=350) to work on /opt/airflow/dags/create_mart_dag.py
[2026-06-04T06:30:17.043+0000] {processor.py:914} INFO - Processing file /opt/airflow/dags/create_mart_dag.py for tasks to queue
[2026-06-04T06:30:17.045+0000] {logging_mixin.py:190} INFO - [2026-06-04T06:30:17.045+0000] {dagbag.py:588} INFO - Filling up the DagBag from /opt/airflow/dags/create_mart_dag.py
[2026-06-04T06:30:17.072+0000] {processor.py:925} INFO - DAG(s) 'create_analytics_mart' retrieved from /opt/airflow/dags/create_mart_dag.py
[2026-06-04T06:30:17.100+0000] {logging_mixin.py:190} INFO - [2026-06-04T06:30:17.100+0000] {dag.py:3239} INFO - Sync 1 DAGs
[2026-06-04T06:30:17.125+0000] {logging_mixin.py:190} INFO - [2026-06-04T06:30:17.124+0000] {dag.py:4180} INFO - Setting next_dagrun for create_analytics_mart to 2026-06-04 02:00:00+00:00, run_after=2026-06-05 02:00:00+00:00
[2026-06-04T06:30:17.150+0000] {processor.py:208} INFO - Processing /opt/airflow/dags/create_mart_dag.py took 0.112 seconds
[2026-06-04T06:30:47.358+0000] {processor.py:186} INFO - Started process (PID=361) to work on /opt/airflow/dags/create_mart_dag.py
[2026-06-04T06:30:47.359+0000] {processor.py:914} INFO - Processing file /opt/airflow/dags/create_mart_dag.py for tasks to queue
[2026-06-04T06:30:47.363+0000] {logging_mixin.py:190} INFO - [2026-06-04T06:30:47.362+0000] {dagbag.py:588} INFO - Filling up the DagBag from /opt/airflow/dags/create_mart_dag.py
[2026-06-04T06:30:47.396+0000] {processor.py:925} INFO - DAG(s) 'create_analytics_mart' retrieved from /opt/airflow/dags/create_mart_dag.py
[2026-06-04T06:30:47.429+0000] {logging_mixin.py:190} INFO - [2026-06-04T06:30:47.429+0000] {dag.py:3239} INFO - Sync 1 DAGs
[2026-06-04T06:30:47.456+0000] {logging_mixin.py:190} INFO - [2026-06-04T06:30:47.455+0000] {dag.py:4180} INFO - Setting next_dagrun for create_analytics_mart to 2026-06-04 02:00:00+00:00, run_after=2026-06-05 02:00:00+00:00
[2026-06-04T06:30:47.484+0000] {processor.py:208} INFO - Processing /opt/airflow/dags/create_mart_dag.py took 0.133 seconds
[2026-06-04T06:31:17.746+0000] {processor.py:186} INFO - Started process (PID=372) to work on /opt/airflow/dags/create_mart_dag.py
[2026-06-04T06:31:17.748+0000] {processor.py:914} INFO - Processing file /opt/airflow/dags/create_mart_dag.py for tasks to queue
[2026-06-04T06:31:17.750+0000] {logging_mixin.py:190} INFO - [2026-06-04T06:31:17.750+0000] {dagbag.py:588} INFO - Filling up the DagBag from /opt/airflow/dags/create_mart_dag.py
[2026-06-04T06:31:17.784+0000] {processor.py:925} INFO - DAG(s) 'create_analytics_mart' retrieved from /opt/airflow/dags/create_mart_dag.py
[2026-06-04T06:31:17.816+0000] {logging_mixin.py:190} INFO - [2026-06-04T06:31:17.815+0000] {dag.py:3239} INFO - Sync 1 DAGs
[2026-06-04T06:31:17.841+0000] {logging_mixin.py:190} INFO - [2026-06-04T06:31:17.841+0000] {dag.py:4180} INFO - Setting next_dagrun for create_analytics_mart to 2026-06-04 02:00:00+00:00, run_after=2026-06-05 02:00:00+00:00
[2026-06-04T06:31:17.869+0000] {processor.py:208} INFO - Processing /opt/airflow/dags/create_mart_dag.py took 0.127 seconds
[2026-06-04T06:31:48.058+0000] {processor.py:186} INFO - Started process (PID=384) to work on /opt/airflow/dags/create_mart_dag.py
[2026-06-04T06:31:48.059+0000] {processor.py:914} INFO - Processing file /opt/airflow/dags/create_mart_dag.py for tasks to queue
[2026-06-04T06:31:48.061+0000] {logging_mixin.py:190} INFO - [2026-06-04T06:31:48.061+0000] {dagbag.py:588} INFO - Filling up the DagBag from /opt/airflow/dags/create_mart_dag.py
[2026-06-04T06:31:48.095+0000] {logging_mixin.py:190} INFO - [2026-06-04T06:31:48.091+0000] {dagbag.py:387} ERROR - Failed to import: /opt/airflow/dags/create_mart_dag.py
Traceback (most recent call last):
  File "/home/airflow/.local/lib/python3.12/site-packages/airflow/models/dagbag.py", line 383, in parse
    loader.exec_module(new_module)
  File "<frozen importlib._bootstrap_external>", line 999, in exec_module
  File "<frozen importlib._bootstrap>", line 488, in _call_with_frames_removed
  File "/opt/airflow/dags/create_mart_dag.py", line 11, in <module>
    from build_mart import create_mart
  File "/opt/airflow/dags/scripts/build_mart.py", line 15
    }
IndentationError: unexpected indent
[2026-06-04T06:31:48.097+0000] {processor.py:927} WARNING - No viable dags retrieved from /opt/airflow/dags/create_mart_dag.py
[2026-06-04T06:31:48.130+0000] {processor.py:208} INFO - Processing /opt/airflow/dags/create_mart_dag.py took 0.079 seconds
[2026-06-04T06:32:18.479+0000] {processor.py:186} INFO - Started process (PID=396) to work on /opt/airflow/dags/create_mart_dag.py
[2026-06-04T06:32:18.481+0000] {processor.py:914} INFO - Processing file /opt/airflow/dags/create_mart_dag.py for tasks to queue
[2026-06-04T06:32:18.484+0000] {logging_mixin.py:190} INFO - [2026-06-04T06:32:18.484+0000] {dagbag.py:588} INFO - Filling up the DagBag from /opt/airflow/dags/create_mart_dag.py
[2026-06-04T06:32:18.522+0000] {logging_mixin.py:190} INFO - [2026-06-04T06:32:18.517+0000] {dagbag.py:387} ERROR - Failed to import: /opt/airflow/dags/create_mart_dag.py
Traceback (most recent call last):
  File "/home/airflow/.local/lib/python3.12/site-packages/airflow/models/dagbag.py", line 383, in parse
    loader.exec_module(new_module)
  File "<frozen importlib._bootstrap_external>", line 999, in exec_module
  File "<frozen importlib._bootstrap>", line 488, in _call_with_frames_removed
  File "/opt/airflow/dags/create_mart_dag.py", line 11, in <module>
    from build_mart import create_mart
  File "/opt/airflow/dags/scripts/build_mart.py", line 19
    """Временная конфигурация для теста"""
       ^^^^^^^^^
SyntaxError: invalid syntax
[2026-06-04T06:32:18.524+0000] {processor.py:927} WARNING - No viable dags retrieved from /opt/airflow/dags/create_mart_dag.py
[2026-06-04T06:32:18.564+0000] {processor.py:208} INFO - Processing /opt/airflow/dags/create_mart_dag.py took 0.093 seconds
[2026-06-04T06:32:48.895+0000] {processor.py:186} INFO - Started process (PID=407) to work on /opt/airflow/dags/create_mart_dag.py
[2026-06-04T06:32:48.896+0000] {processor.py:914} INFO - Processing file /opt/airflow/dags/create_mart_dag.py for tasks to queue
[2026-06-04T06:32:48.897+0000] {logging_mixin.py:190} INFO - [2026-06-04T06:32:48.896+0000] {dagbag.py:588} INFO - Filling up the DagBag from /opt/airflow/dags/create_mart_dag.py
[2026-06-04T06:32:48.943+0000] {processor.py:925} INFO - DAG(s) 'create_analytics_mart' retrieved from /opt/airflow/dags/create_mart_dag.py
[2026-06-04T06:32:49.224+0000] {logging_mixin.py:190} INFO - [2026-06-04T06:32:49.223+0000] {dag.py:3239} INFO - Sync 1 DAGs
[2026-06-04T06:32:49.265+0000] {logging_mixin.py:190} INFO - [2026-06-04T06:32:49.265+0000] {dag.py:4180} INFO - Setting next_dagrun for create_analytics_mart to 2026-06-04 02:00:00+00:00, run_after=2026-06-05 02:00:00+00:00
[2026-06-04T06:32:49.295+0000] {processor.py:208} INFO - Processing /opt/airflow/dags/create_mart_dag.py took 0.406 seconds
[2026-06-04T06:33:19.630+0000] {processor.py:186} INFO - Started process (PID=418) to work on /opt/airflow/dags/create_mart_dag.py
[2026-06-04T06:33:19.631+0000] {processor.py:914} INFO - Processing file /opt/airflow/dags/create_mart_dag.py for tasks to queue
[2026-06-04T06:33:19.633+0000] {logging_mixin.py:190} INFO - [2026-06-04T06:33:19.632+0000] {dagbag.py:588} INFO - Filling up the DagBag from /opt/airflow/dags/create_mart_dag.py
[2026-06-04T06:33:19.672+0000] {processor.py:925} INFO - DAG(s) 'create_analytics_mart' retrieved from /opt/airflow/dags/create_mart_dag.py
[2026-06-04T06:33:19.713+0000] {logging_mixin.py:190} INFO - [2026-06-04T06:33:19.712+0000] {dag.py:3239} INFO - Sync 1 DAGs
[2026-06-04T06:33:19.741+0000] {logging_mixin.py:190} INFO - [2026-06-04T06:33:19.741+0000] {dag.py:4180} INFO - Setting next_dagrun for create_analytics_mart to 2026-06-04 02:00:00+00:00, run_after=2026-06-05 02:00:00+00:00
[2026-06-04T06:33:19.760+0000] {processor.py:208} INFO - Processing /opt/airflow/dags/create_mart_dag.py took 0.143 seconds
[2026-06-04T06:33:49.932+0000] {processor.py:186} INFO - Started process (PID=429) to work on /opt/airflow/dags/create_mart_dag.py
[2026-06-04T06:33:49.933+0000] {processor.py:914} INFO - Processing file /opt/airflow/dags/create_mart_dag.py for tasks to queue
[2026-06-04T06:33:49.935+0000] {logging_mixin.py:190} INFO - [2026-06-04T06:33:49.935+0000] {dagbag.py:588} INFO - Filling up the DagBag from /opt/airflow/dags/create_mart_dag.py
[2026-06-04T06:33:49.977+0000] {processor.py:925} INFO - DAG(s) 'create_analytics_mart' retrieved from /opt/airflow/dags/create_mart_dag.py
[2026-06-04T06:33:50.015+0000] {logging_mixin.py:190} INFO - [2026-06-04T06:33:50.015+0000] {dag.py:3239} INFO - Sync 1 DAGs
[2026-06-04T06:33:50.042+0000] {logging_mixin.py:190} INFO - [2026-06-04T06:33:50.042+0000] {dag.py:4180} INFO - Setting next_dagrun for create_analytics_mart to 2026-06-04 02:00:00+00:00, run_after=2026-06-05 02:00:00+00:00
[2026-06-04T06:33:50.073+0000] {processor.py:208} INFO - Processing /opt/airflow/dags/create_mart_dag.py took 0.150 seconds
[2026-06-04T06:34:20.334+0000] {processor.py:186} INFO - Started process (PID=440) to work on /opt/airflow/dags/create_mart_dag.py
[2026-06-04T06:34:20.336+0000] {processor.py:914} INFO - Processing file /opt/airflow/dags/create_mart_dag.py for tasks to queue
[2026-06-04T06:34:20.338+0000] {logging_mixin.py:190} INFO - [2026-06-04T06:34:20.338+0000] {dagbag.py:588} INFO - Filling up the DagBag from /opt/airflow/dags/create_mart_dag.py
[2026-06-04T06:34:20.374+0000] {processor.py:925} INFO - DAG(s) 'create_analytics_mart' retrieved from /opt/airflow/dags/create_mart_dag.py
[2026-06-04T06:34:20.413+0000] {logging_mixin.py:190} INFO - [2026-06-04T06:34:20.413+0000] {dag.py:3239} INFO - Sync 1 DAGs
[2026-06-04T06:34:20.455+0000] {logging_mixin.py:190} INFO - [2026-06-04T06:34:20.455+0000] {dag.py:4180} INFO - Setting next_dagrun for create_analytics_mart to 2026-06-04 02:00:00+00:00, run_after=2026-06-05 02:00:00+00:00
[2026-06-04T06:34:20.495+0000] {processor.py:208} INFO - Processing /opt/airflow/dags/create_mart_dag.py took 0.167 seconds
[2026-06-04T06:34:50.697+0000] {processor.py:186} INFO - Started process (PID=451) to work on /opt/airflow/dags/create_mart_dag.py
[2026-06-04T06:34:50.698+0000] {processor.py:914} INFO - Processing file /opt/airflow/dags/create_mart_dag.py for tasks to queue
[2026-06-04T06:34:50.699+0000] {logging_mixin.py:190} INFO - [2026-06-04T06:34:50.699+0000] {dagbag.py:588} INFO - Filling up the DagBag from /opt/airflow/dags/create_mart_dag.py
[2026-06-04T06:34:50.730+0000] {processor.py:925} INFO - DAG(s) 'create_analytics_mart' retrieved from /opt/airflow/dags/create_mart_dag.py
[2026-06-04T06:34:50.758+0000] {logging_mixin.py:190} INFO - [2026-06-04T06:34:50.757+0000] {dag.py:3239} INFO - Sync 1 DAGs
[2026-06-04T06:34:50.785+0000] {logging_mixin.py:190} INFO - [2026-06-04T06:34:50.785+0000] {dag.py:4180} INFO - Setting next_dagrun for create_analytics_mart to 2026-06-04 02:00:00+00:00, run_after=2026-06-05 02:00:00+00:00
[2026-06-04T06:34:50.807+0000] {processor.py:208} INFO - Processing /opt/airflow/dags/create_mart_dag.py took 0.115 seconds
[2026-06-04T06:35:21.118+0000] {processor.py:186} INFO - Started process (PID=462) to work on /opt/airflow/dags/create_mart_dag.py
[2026-06-04T06:35:21.120+0000] {processor.py:914} INFO - Processing file /opt/airflow/dags/create_mart_dag.py for tasks to queue
[2026-06-04T06:35:21.122+0000] {logging_mixin.py:190} INFO - [2026-06-04T06:35:21.121+0000] {dagbag.py:588} INFO - Filling up the DagBag from /opt/airflow/dags/create_mart_dag.py
[2026-06-04T06:35:21.165+0000] {processor.py:925} INFO - DAG(s) 'create_analytics_mart' retrieved from /opt/airflow/dags/create_mart_dag.py
[2026-06-04T06:35:21.209+0000] {logging_mixin.py:190} INFO - [2026-06-04T06:35:21.208+0000] {dag.py:3239} INFO - Sync 1 DAGs
[2026-06-04T06:35:21.239+0000] {logging_mixin.py:190} INFO - [2026-06-04T06:35:21.238+0000] {dag.py:4180} INFO - Setting next_dagrun for create_analytics_mart to 2026-06-04 02:00:00+00:00, run_after=2026-06-05 02:00:00+00:00
[2026-06-04T06:35:21.273+0000] {processor.py:208} INFO - Processing /opt/airflow/dags/create_mart_dag.py took 0.164 seconds
[2026-06-04T06:36:13.611+0000] {processor.py:186} INFO - Started process (PID=179) to work on /opt/airflow/dags/create_mart_dag.py
[2026-06-04T06:36:13.612+0000] {processor.py:914} INFO - Processing file /opt/airflow/dags/create_mart_dag.py for tasks to queue
[2026-06-04T06:36:13.615+0000] {logging_mixin.py:190} INFO - [2026-06-04T06:36:13.614+0000] {dagbag.py:588} INFO - Filling up the DagBag from /opt/airflow/dags/create_mart_dag.py
[2026-06-04T06:36:13.656+0000] {processor.py:925} INFO - DAG(s) 'create_analytics_mart' retrieved from /opt/airflow/dags/create_mart_dag.py
[2026-06-04T06:36:13.699+0000] {logging_mixin.py:190} INFO - [2026-06-04T06:36:13.699+0000] {dag.py:3239} INFO - Sync 1 DAGs
[2026-06-04T06:36:13.741+0000] {logging_mixin.py:190} INFO - [2026-06-04T06:36:13.741+0000] {dag.py:4180} INFO - Setting next_dagrun for create_analytics_mart to 2026-06-04 02:00:00+00:00, run_after=2026-06-05 02:00:00+00:00
[2026-06-04T06:36:13.768+0000] {processor.py:208} INFO - Processing /opt/airflow/dags/create_mart_dag.py took 0.165 seconds
[2026-06-04T06:36:44.127+0000] {processor.py:186} INFO - Started process (PID=198) to work on /opt/airflow/dags/create_mart_dag.py
[2026-06-04T06:36:44.128+0000] {processor.py:914} INFO - Processing file /opt/airflow/dags/create_mart_dag.py for tasks to queue
[2026-06-04T06:36:44.131+0000] {logging_mixin.py:190} INFO - [2026-06-04T06:36:44.131+0000] {dagbag.py:588} INFO - Filling up the DagBag from /opt/airflow/dags/create_mart_dag.py
[2026-06-04T06:36:44.161+0000] {processor.py:925} INFO - DAG(s) 'create_analytics_mart' retrieved from /opt/airflow/dags/create_mart_dag.py
[2026-06-04T06:36:44.193+0000] {logging_mixin.py:190} INFO - [2026-06-04T06:36:44.193+0000] {dag.py:3239} INFO - Sync 1 DAGs
[2026-06-04T06:36:44.220+0000] {logging_mixin.py:190} INFO - [2026-06-04T06:36:44.220+0000] {dag.py:4180} INFO - Setting next_dagrun for create_analytics_mart to 2026-06-04 02:00:00+00:00, run_after=2026-06-05 02:00:00+00:00
[2026-06-04T06:36:44.239+0000] {processor.py:208} INFO - Processing /opt/airflow/dags/create_mart_dag.py took 0.118 seconds
[2026-06-04T06:37:14.584+0000] {processor.py:186} INFO - Started process (PID=214) to work on /opt/airflow/dags/create_mart_dag.py
[2026-06-04T06:37:14.584+0000] {processor.py:914} INFO - Processing file /opt/airflow/dags/create_mart_dag.py for tasks to queue
[2026-06-04T06:37:14.591+0000] {logging_mixin.py:190} INFO - [2026-06-04T06:37:14.590+0000] {dagbag.py:588} INFO - Filling up the DagBag from /opt/airflow/dags/create_mart_dag.py
[2026-06-04T06:37:14.620+0000] {processor.py:925} INFO - DAG(s) 'create_analytics_mart' retrieved from /opt/airflow/dags/create_mart_dag.py
[2026-06-04T06:37:14.648+0000] {logging_mixin.py:190} INFO - [2026-06-04T06:37:14.648+0000] {dag.py:3239} INFO - Sync 1 DAGs
[2026-06-04T06:37:14.680+0000] {logging_mixin.py:190} INFO - [2026-06-04T06:37:14.680+0000] {dag.py:4180} INFO - Setting next_dagrun for create_analytics_mart to 2026-06-04 02:00:00+00:00, run_after=2026-06-05 02:00:00+00:00
[2026-06-04T06:37:14.707+0000] {processor.py:208} INFO - Processing /opt/airflow/dags/create_mart_dag.py took 0.130 seconds
[2026-06-04T06:37:45.069+0000] {processor.py:186} INFO - Started process (PID=230) to work on /opt/airflow/dags/create_mart_dag.py
[2026-06-04T06:37:45.070+0000] {processor.py:914} INFO - Processing file /opt/airflow/dags/create_mart_dag.py for tasks to queue
[2026-06-04T06:37:45.073+0000] {logging_mixin.py:190} INFO - [2026-06-04T06:37:45.073+0000] {dagbag.py:588} INFO - Filling up the DagBag from /opt/airflow/dags/create_mart_dag.py
[2026-06-04T06:37:45.104+0000] {processor.py:925} INFO - DAG(s) 'create_analytics_mart' retrieved from /opt/airflow/dags/create_mart_dag.py
[2026-06-04T06:37:45.131+0000] {logging_mixin.py:190} INFO - [2026-06-04T06:37:45.130+0000] {dag.py:3239} INFO - Sync 1 DAGs
[2026-06-04T06:37:45.158+0000] {logging_mixin.py:190} INFO - [2026-06-04T06:37:45.158+0000] {dag.py:4180} INFO - Setting next_dagrun for create_analytics_mart to 2026-06-04 02:00:00+00:00, run_after=2026-06-05 02:00:00+00:00
[2026-06-04T06:37:45.178+0000] {processor.py:208} INFO - Processing /opt/airflow/dags/create_mart_dag.py took 0.116 seconds
[2026-06-04T06:38:15.546+0000] {processor.py:186} INFO - Started process (PID=247) to work on /opt/airflow/dags/create_mart_dag.py
[2026-06-04T06:38:15.547+0000] {processor.py:914} INFO - Processing file /opt/airflow/dags/create_mart_dag.py for tasks to queue
[2026-06-04T06:38:15.550+0000] {logging_mixin.py:190} INFO - [2026-06-04T06:38:15.550+0000] {dagbag.py:588} INFO - Filling up the DagBag from /opt/airflow/dags/create_mart_dag.py
[2026-06-04T06:38:15.596+0000] {processor.py:925} INFO - DAG(s) 'create_analytics_mart' retrieved from /opt/airflow/dags/create_mart_dag.py
[2026-06-04T06:38:15.639+0000] {logging_mixin.py:190} INFO - [2026-06-04T06:38:15.639+0000] {dag.py:3239} INFO - Sync 1 DAGs
[2026-06-04T06:38:15.669+0000] {logging_mixin.py:190} INFO - [2026-06-04T06:38:15.668+0000] {dag.py:4180} INFO - Setting next_dagrun for create_analytics_mart to 2026-06-04 02:00:00+00:00, run_after=2026-06-05 02:00:00+00:00
[2026-06-04T06:38:15.698+0000] {processor.py:208} INFO - Processing /opt/airflow/dags/create_mart_dag.py took 0.161 seconds
[2026-06-04T06:38:46.082+0000] {processor.py:186} INFO - Started process (PID=264) to work on /opt/airflow/dags/create_mart_dag.py
[2026-06-04T06:38:46.084+0000] {processor.py:914} INFO - Processing file /opt/airflow/dags/create_mart_dag.py for tasks to queue
[2026-06-04T06:38:46.088+0000] {logging_mixin.py:190} INFO - [2026-06-04T06:38:46.087+0000] {dagbag.py:588} INFO - Filling up the DagBag from /opt/airflow/dags/create_mart_dag.py
[2026-06-04T06:38:46.126+0000] {processor.py:925} INFO - DAG(s) 'create_analytics_mart' retrieved from /opt/airflow/dags/create_mart_dag.py
[2026-06-04T06:38:46.170+0000] {logging_mixin.py:190} INFO - [2026-06-04T06:38:46.169+0000] {dag.py:3239} INFO - Sync 1 DAGs
[2026-06-04T06:38:46.200+0000] {logging_mixin.py:190} INFO - [2026-06-04T06:38:46.200+0000] {dag.py:4180} INFO - Setting next_dagrun for create_analytics_mart to 2026-06-04 02:00:00+00:00, run_after=2026-06-05 02:00:00+00:00
[2026-06-04T06:38:46.228+0000] {processor.py:208} INFO - Processing /opt/airflow/dags/create_mart_dag.py took 0.156 seconds
[2026-06-04T06:39:16.634+0000] {processor.py:186} INFO - Started process (PID=280) to work on /opt/airflow/dags/create_mart_dag.py
[2026-06-04T06:39:16.636+0000] {processor.py:914} INFO - Processing file /opt/airflow/dags/create_mart_dag.py for tasks to queue
[2026-06-04T06:39:16.639+0000] {logging_mixin.py:190} INFO - [2026-06-04T06:39:16.639+0000] {dagbag.py:588} INFO - Filling up the DagBag from /opt/airflow/dags/create_mart_dag.py
[2026-06-04T06:39:16.680+0000] {processor.py:925} INFO - DAG(s) 'create_analytics_mart' retrieved from /opt/airflow/dags/create_mart_dag.py
[2026-06-04T06:39:16.718+0000] {logging_mixin.py:190} INFO - [2026-06-04T06:39:16.718+0000] {dag.py:3239} INFO - Sync 1 DAGs
[2026-06-04T06:39:16.756+0000] {logging_mixin.py:190} INFO - [2026-06-04T06:39:16.755+0000] {dag.py:4180} INFO - Setting next_dagrun for create_analytics_mart to 2026-06-04 02:00:00+00:00, run_after=2026-06-05 02:00:00+00:00
[2026-06-04T06:39:16.786+0000] {processor.py:208} INFO - Processing /opt/airflow/dags/create_mart_dag.py took 0.161 seconds
[2026-06-04T06:39:47.023+0000] {processor.py:186} INFO - Started process (PID=296) to work on /opt/airflow/dags/create_mart_dag.py
[2026-06-04T06:39:47.024+0000] {processor.py:914} INFO - Processing file /opt/airflow/dags/create_mart_dag.py for tasks to queue
[2026-06-04T06:39:47.028+0000] {logging_mixin.py:190} INFO - [2026-06-04T06:39:47.027+0000] {dagbag.py:588} INFO - Filling up the DagBag from /opt/airflow/dags/create_mart_dag.py
[2026-06-04T06:39:47.066+0000] {processor.py:925} INFO - DAG(s) 'create_analytics_mart' retrieved from /opt/airflow/dags/create_mart_dag.py
[2026-06-04T06:39:47.107+0000] {logging_mixin.py:190} INFO - [2026-06-04T06:39:47.107+0000] {dag.py:3239} INFO - Sync 1 DAGs
[2026-06-04T06:39:47.145+0000] {logging_mixin.py:190} INFO - [2026-06-04T06:39:47.145+0000] {dag.py:4180} INFO - Setting next_dagrun for create_analytics_mart to 2026-06-04 02:00:00+00:00, run_after=2026-06-05 02:00:00+00:00
[2026-06-04T06:39:47.173+0000] {processor.py:208} INFO - Processing /opt/airflow/dags/create_mart_dag.py took 0.160 seconds
[2026-06-04T06:40:17.542+0000] {processor.py:186} INFO - Started process (PID=312) to work on /opt/airflow/dags/create_mart_dag.py
[2026-06-04T06:40:17.542+0000] {processor.py:914} INFO - Processing file /opt/airflow/dags/create_mart_dag.py for tasks to queue
[2026-06-04T06:40:17.545+0000] {logging_mixin.py:190} INFO - [2026-06-04T06:40:17.545+0000] {dagbag.py:588} INFO - Filling up the DagBag from /opt/airflow/dags/create_mart_dag.py
[2026-06-04T06:40:17.578+0000] {processor.py:925} INFO - DAG(s) 'create_analytics_mart' retrieved from /opt/airflow/dags/create_mart_dag.py
[2026-06-04T06:40:17.605+0000] {logging_mixin.py:190} INFO - [2026-06-04T06:40:17.605+0000] {dag.py:3239} INFO - Sync 1 DAGs
[2026-06-04T06:40:17.631+0000] {logging_mixin.py:190} INFO - [2026-06-04T06:40:17.631+0000] {dag.py:4180} INFO - Setting next_dagrun for create_analytics_mart to 2026-06-04 02:00:00+00:00, run_after=2026-06-05 02:00:00+00:00
[2026-06-04T06:40:17.651+0000] {processor.py:208} INFO - Processing /opt/airflow/dags/create_mart_dag.py took 0.116 seconds
[2026-06-04T06:40:48.055+0000] {processor.py:186} INFO - Started process (PID=328) to work on /opt/airflow/dags/create_mart_dag.py
[2026-06-04T06:40:48.057+0000] {processor.py:914} INFO - Processing file /opt/airflow/dags/create_mart_dag.py for tasks to queue
[2026-06-04T06:40:48.062+0000] {logging_mixin.py:190} INFO - [2026-06-04T06:40:48.061+0000] {dagbag.py:588} INFO - Filling up the DagBag from /opt/airflow/dags/create_mart_dag.py
[2026-06-04T06:40:48.103+0000] {processor.py:925} INFO - DAG(s) 'create_analytics_mart' retrieved from /opt/airflow/dags/create_mart_dag.py
[2026-06-04T06:40:48.142+0000] {logging_mixin.py:190} INFO - [2026-06-04T06:40:48.142+0000] {dag.py:3239} INFO - Sync 1 DAGs
[2026-06-04T06:40:48.179+0000] {logging_mixin.py:190} INFO - [2026-06-04T06:40:48.178+0000] {dag.py:4180} INFO - Setting next_dagrun for create_analytics_mart to 2026-06-04 02:00:00+00:00, run_after=2026-06-05 02:00:00+00:00
[2026-06-04T06:40:48.202+0000] {processor.py:208} INFO - Processing /opt/airflow/dags/create_mart_dag.py took 0.157 seconds
[2026-06-04T06:41:18.672+0000] {processor.py:186} INFO - Started process (PID=347) to work on /opt/airflow/dags/create_mart_dag.py
[2026-06-04T06:41:18.673+0000] {processor.py:914} INFO - Processing file /opt/airflow/dags/create_mart_dag.py for tasks to queue
[2026-06-04T06:41:18.678+0000] {logging_mixin.py:190} INFO - [2026-06-04T06:41:18.677+0000] {dagbag.py:588} INFO - Filling up the DagBag from /opt/airflow/dags/create_mart_dag.py
[2026-06-04T06:41:18.721+0000] {processor.py:925} INFO - DAG(s) 'create_analytics_mart' retrieved from /opt/airflow/dags/create_mart_dag.py
[2026-06-04T06:41:18.761+0000] {logging_mixin.py:190} INFO - [2026-06-04T06:41:18.761+0000] {dag.py:3239} INFO - Sync 1 DAGs
[2026-06-04T06:41:18.799+0000] {logging_mixin.py:190} INFO - [2026-06-04T06:41:18.798+0000] {dag.py:4180} INFO - Setting next_dagrun for create_analytics_mart to 2026-06-04 02:00:00+00:00, run_after=2026-06-05 02:00:00+00:00
[2026-06-04T06:41:18.824+0000] {processor.py:208} INFO - Processing /opt/airflow/dags/create_mart_dag.py took 0.165 seconds
[2026-06-04T06:41:49.199+0000] {processor.py:186} INFO - Started process (PID=366) to work on /opt/airflow/dags/create_mart_dag.py
[2026-06-04T06:41:49.200+0000] {processor.py:914} INFO - Processing file /opt/airflow/dags/create_mart_dag.py for tasks to queue
[2026-06-04T06:41:49.202+0000] {logging_mixin.py:190} INFO - [2026-06-04T06:41:49.202+0000] {dagbag.py:588} INFO - Filling up the DagBag from /opt/airflow/dags/create_mart_dag.py
[2026-06-04T06:41:49.232+0000] {processor.py:925} INFO - DAG(s) 'create_analytics_mart' retrieved from /opt/airflow/dags/create_mart_dag.py
[2026-06-04T06:41:49.258+0000] {logging_mixin.py:190} INFO - [2026-06-04T06:41:49.258+0000] {dag.py:3239} INFO - Sync 1 DAGs
[2026-06-04T06:41:49.283+0000] {logging_mixin.py:190} INFO - [2026-06-04T06:41:49.283+0000] {dag.py:4180} INFO - Setting next_dagrun for create_analytics_mart to 2026-06-04 02:00:00+00:00, run_after=2026-06-05 02:00:00+00:00
[2026-06-04T06:41:49.302+0000] {processor.py:208} INFO - Processing /opt/airflow/dags/create_mart_dag.py took 0.110 seconds
[2026-06-04T06:42:19.555+0000] {processor.py:186} INFO - Started process (PID=382) to work on /opt/airflow/dags/create_mart_dag.py
[2026-06-04T06:42:19.556+0000] {processor.py:914} INFO - Processing file /opt/airflow/dags/create_mart_dag.py for tasks to queue
[2026-06-04T06:42:19.560+0000] {logging_mixin.py:190} INFO - [2026-06-04T06:42:19.559+0000] {dagbag.py:588} INFO - Filling up the DagBag from /opt/airflow/dags/create_mart_dag.py
[2026-06-04T06:42:19.595+0000] {processor.py:925} INFO - DAG(s) 'create_analytics_mart' retrieved from /opt/airflow/dags/create_mart_dag.py
[2026-06-04T06:42:19.628+0000] {logging_mixin.py:190} INFO - [2026-06-04T06:42:19.628+0000] {dag.py:3239} INFO - Sync 1 DAGs
[2026-06-04T06:42:19.654+0000] {logging_mixin.py:190} INFO - [2026-06-04T06:42:19.654+0000] {dag.py:4180} INFO - Setting next_dagrun for create_analytics_mart to 2026-06-04 02:00:00+00:00, run_after=2026-06-05 02:00:00+00:00
[2026-06-04T06:42:19.674+0000] {processor.py:208} INFO - Processing /opt/airflow/dags/create_mart_dag.py took 0.126 seconds
[2026-06-04T06:42:50.028+0000] {processor.py:186} INFO - Started process (PID=398) to work on /opt/airflow/dags/create_mart_dag.py
[2026-06-04T06:42:50.029+0000] {processor.py:914} INFO - Processing file /opt/airflow/dags/create_mart_dag.py for tasks to queue
[2026-06-04T06:42:50.032+0000] {logging_mixin.py:190} INFO - [2026-06-04T06:42:50.032+0000] {dagbag.py:588} INFO - Filling up the DagBag from /opt/airflow/dags/create_mart_dag.py
[2026-06-04T06:42:50.067+0000] {processor.py:925} INFO - DAG(s) 'create_analytics_mart' retrieved from /opt/airflow/dags/create_mart_dag.py
[2026-06-04T06:42:50.102+0000] {logging_mixin.py:190} INFO - [2026-06-04T06:42:50.101+0000] {dag.py:3239} INFO - Sync 1 DAGs
[2026-06-04T06:42:50.128+0000] {logging_mixin.py:190} INFO - [2026-06-04T06:42:50.128+0000] {dag.py:4180} INFO - Setting next_dagrun for create_analytics_mart to 2026-06-04 02:00:00+00:00, run_after=2026-06-05 02:00:00+00:00
[2026-06-04T06:42:50.149+0000] {processor.py:208} INFO - Processing /opt/airflow/dags/create_mart_dag.py took 0.127 seconds
[2026-06-04T06:43:20.565+0000] {processor.py:186} INFO - Started process (PID=414) to work on /opt/airflow/dags/create_mart_dag.py
[2026-06-04T06:43:20.567+0000] {processor.py:914} INFO - Processing file /opt/airflow/dags/create_mart_dag.py for tasks to queue
[2026-06-04T06:43:20.572+0000] {logging_mixin.py:190} INFO - [2026-06-04T06:43:20.571+0000] {dagbag.py:588} INFO - Filling up the DagBag from /opt/airflow/dags/create_mart_dag.py
[2026-06-04T06:43:20.619+0000] {processor.py:925} INFO - DAG(s) 'create_analytics_mart' retrieved from /opt/airflow/dags/create_mart_dag.py
[2026-06-04T06:43:20.661+0000] {logging_mixin.py:190} INFO - [2026-06-04T06:43:20.661+0000] {dag.py:3239} INFO - Sync 1 DAGs
[2026-06-04T06:43:20.696+0000] {logging_mixin.py:190} INFO - [2026-06-04T06:43:20.696+0000] {dag.py:4180} INFO - Setting next_dagrun for create_analytics_mart to 2026-06-04 02:00:00+00:00, run_after=2026-06-05 02:00:00+00:00
[2026-06-04T06:43:20.726+0000] {processor.py:208} INFO - Processing /opt/airflow/dags/create_mart_dag.py took 0.171 seconds
[2026-06-04T06:43:51.098+0000] {processor.py:186} INFO - Started process (PID=430) to work on /opt/airflow/dags/create_mart_dag.py
[2026-06-04T06:43:51.099+0000] {processor.py:914} INFO - Processing file /opt/airflow/dags/create_mart_dag.py for tasks to queue
[2026-06-04T06:43:51.102+0000] {logging_mixin.py:190} INFO - [2026-06-04T06:43:51.102+0000] {dagbag.py:588} INFO - Filling up the DagBag from /opt/airflow/dags/create_mart_dag.py
[2026-06-04T06:43:51.134+0000] {processor.py:925} INFO - DAG(s) 'create_analytics_mart' retrieved from /opt/airflow/dags/create_mart_dag.py
[2026-06-04T06:43:51.163+0000] {logging_mixin.py:190} INFO - [2026-06-04T06:43:51.162+0000] {dag.py:3239} INFO - Sync 1 DAGs
[2026-06-04T06:43:51.189+0000] {logging_mixin.py:190} INFO - [2026-06-04T06:43:51.189+0000] {dag.py:4180} INFO - Setting next_dagrun for create_analytics_mart to 2026-06-04 02:00:00+00:00, run_after=2026-06-05 02:00:00+00:00
[2026-06-04T06:43:51.210+0000] {processor.py:208} INFO - Processing /opt/airflow/dags/create_mart_dag.py took 0.118 seconds
[2026-06-04T06:44:21.591+0000] {processor.py:186} INFO - Started process (PID=446) to work on /opt/airflow/dags/create_mart_dag.py
[2026-06-04T06:44:21.592+0000] {processor.py:914} INFO - Processing file /opt/airflow/dags/create_mart_dag.py for tasks to queue
[2026-06-04T06:44:21.596+0000] {logging_mixin.py:190} INFO - [2026-06-04T06:44:21.596+0000] {dagbag.py:588} INFO - Filling up the DagBag from /opt/airflow/dags/create_mart_dag.py
[2026-06-04T06:44:21.638+0000] {processor.py:925} INFO - DAG(s) 'create_analytics_mart' retrieved from /opt/airflow/dags/create_mart_dag.py
[2026-06-04T06:44:21.669+0000] {logging_mixin.py:190} INFO - [2026-06-04T06:44:21.668+0000] {dag.py:3239} INFO - Sync 1 DAGs
[2026-06-04T06:44:21.700+0000] {logging_mixin.py:190} INFO - [2026-06-04T06:44:21.700+0000] {dag.py:4180} INFO - Setting next_dagrun for create_analytics_mart to 2026-06-04 02:00:00+00:00, run_after=2026-06-05 02:00:00+00:00
[2026-06-04T06:44:21.721+0000] {processor.py:208} INFO - Processing /opt/airflow/dags/create_mart_dag.py took 0.138 seconds
[2026-06-04T06:44:52.117+0000] {processor.py:186} INFO - Started process (PID=463) to work on /opt/airflow/dags/create_mart_dag.py
[2026-06-04T06:44:52.118+0000] {processor.py:914} INFO - Processing file /opt/airflow/dags/create_mart_dag.py for tasks to queue
[2026-06-04T06:44:52.122+0000] {logging_mixin.py:190} INFO - [2026-06-04T06:44:52.122+0000] {dagbag.py:588} INFO - Filling up the DagBag from /opt/airflow/dags/create_mart_dag.py
[2026-06-04T06:44:52.180+0000] {processor.py:925} INFO - DAG(s) 'create_analytics_mart' retrieved from /opt/airflow/dags/create_mart_dag.py
[2026-06-04T06:44:52.214+0000] {logging_mixin.py:190} INFO - [2026-06-04T06:44:52.213+0000] {dag.py:3239} INFO - Sync 1 DAGs
[2026-06-04T06:44:52.238+0000] {logging_mixin.py:190} INFO - [2026-06-04T06:44:52.238+0000] {dag.py:4180} INFO - Setting next_dagrun for create_analytics_mart to 2026-06-04 02:00:00+00:00, run_after=2026-06-05 02:00:00+00:00
[2026-06-04T06:44:52.261+0000] {processor.py:208} INFO - Processing /opt/airflow/dags/create_mart_dag.py took 0.152 seconds
[2026-06-04T06:45:22.613+0000] {processor.py:186} INFO - Started process (PID=480) to work on /opt/airflow/dags/create_mart_dag.py
[2026-06-04T06:45:22.614+0000] {processor.py:914} INFO - Processing file /opt/airflow/dags/create_mart_dag.py for tasks to queue
[2026-06-04T06:45:22.617+0000] {logging_mixin.py:190} INFO - [2026-06-04T06:45:22.617+0000] {dagbag.py:588} INFO - Filling up the DagBag from /opt/airflow/dags/create_mart_dag.py
[2026-06-04T06:45:22.669+0000] {processor.py:925} INFO - DAG(s) 'create_analytics_mart' retrieved from /opt/airflow/dags/create_mart_dag.py
[2026-06-04T06:45:22.704+0000] {logging_mixin.py:190} INFO - [2026-06-04T06:45:22.704+0000] {dag.py:3239} INFO - Sync 1 DAGs
[2026-06-04T06:45:22.726+0000] {logging_mixin.py:190} INFO - [2026-06-04T06:45:22.726+0000] {dag.py:4180} INFO - Setting next_dagrun for create_analytics_mart to 2026-06-04 02:00:00+00:00, run_after=2026-06-05 02:00:00+00:00
[2026-06-04T06:45:22.754+0000] {processor.py:208} INFO - Processing /opt/airflow/dags/create_mart_dag.py took 0.146 seconds
[2026-06-04T06:45:53.099+0000] {processor.py:186} INFO - Started process (PID=496) to work on /opt/airflow/dags/create_mart_dag.py
[2026-06-04T06:45:53.100+0000] {processor.py:914} INFO - Processing file /opt/airflow/dags/create_mart_dag.py for tasks to queue
[2026-06-04T06:45:53.102+0000] {logging_mixin.py:190} INFO - [2026-06-04T06:45:53.102+0000] {dagbag.py:588} INFO - Filling up the DagBag from /opt/airflow/dags/create_mart_dag.py
[2026-06-04T06:45:53.142+0000] {processor.py:925} INFO - DAG(s) 'create_analytics_mart' retrieved from /opt/airflow/dags/create_mart_dag.py
[2026-06-04T06:45:53.184+0000] {logging_mixin.py:190} INFO - [2026-06-04T06:45:53.184+0000] {dag.py:3239} INFO - Sync 1 DAGs
[2026-06-04T06:45:53.221+0000] {logging_mixin.py:190} INFO - [2026-06-04T06:45:53.221+0000] {dag.py:4180} INFO - Setting next_dagrun for create_analytics_mart to 2026-06-04 02:00:00+00:00, run_after=2026-06-05 02:00:00+00:00
[2026-06-04T06:45:53.252+0000] {processor.py:208} INFO - Processing /opt/airflow/dags/create_mart_dag.py took 0.160 seconds
[2026-06-04T06:46:28.731+0000] {processor.py:186} INFO - Started process (PID=179) to work on /opt/airflow/dags/create_mart_dag.py
[2026-06-04T06:46:28.732+0000] {processor.py:914} INFO - Processing file /opt/airflow/dags/create_mart_dag.py for tasks to queue
[2026-06-04T06:46:28.734+0000] {logging_mixin.py:190} INFO - [2026-06-04T06:46:28.734+0000] {dagbag.py:588} INFO - Filling up the DagBag from /opt/airflow/dags/create_mart_dag.py
[2026-06-04T06:46:28.767+0000] {processor.py:925} INFO - DAG(s) 'create_analytics_mart' retrieved from /opt/airflow/dags/create_mart_dag.py
[2026-06-04T06:46:28.797+0000] {logging_mixin.py:190} INFO - [2026-06-04T06:46:28.796+0000] {dag.py:3239} INFO - Sync 1 DAGs
[2026-06-04T06:46:28.826+0000] {logging_mixin.py:190} INFO - [2026-06-04T06:46:28.826+0000] {dag.py:4180} INFO - Setting next_dagrun for create_analytics_mart to 2026-06-04 02:00:00+00:00, run_after=2026-06-05 02:00:00+00:00
[2026-06-04T06:46:28.849+0000] {processor.py:208} INFO - Processing /opt/airflow/dags/create_mart_dag.py took 0.123 seconds
[2026-06-04T06:46:59.076+0000] {processor.py:186} INFO - Started process (PID=204) to work on /opt/airflow/dags/create_mart_dag.py
[2026-06-04T06:46:59.077+0000] {processor.py:914} INFO - Processing file /opt/airflow/dags/create_mart_dag.py for tasks to queue
[2026-06-04T06:46:59.081+0000] {logging_mixin.py:190} INFO - [2026-06-04T06:46:59.081+0000] {dagbag.py:588} INFO - Filling up the DagBag from /opt/airflow/dags/create_mart_dag.py
[2026-06-04T06:46:59.111+0000] {processor.py:925} INFO - DAG(s) 'create_analytics_mart' retrieved from /opt/airflow/dags/create_mart_dag.py
[2026-06-04T06:46:59.149+0000] {logging_mixin.py:190} INFO - [2026-06-04T06:46:59.149+0000] {dag.py:3239} INFO - Sync 1 DAGs
[2026-06-04T06:46:59.176+0000] {logging_mixin.py:190} INFO - [2026-06-04T06:46:59.175+0000] {dag.py:4180} INFO - Setting next_dagrun for create_analytics_mart to 2026-06-04 02:00:00+00:00, run_after=2026-06-05 02:00:00+00:00
[2026-06-04T06:46:59.194+0000] {processor.py:208} INFO - Processing /opt/airflow/dags/create_mart_dag.py took 0.123 seconds
[2026-06-04T06:47:29.590+0000] {processor.py:186} INFO - Started process (PID=220) to work on /opt/airflow/dags/create_mart_dag.py
[2026-06-04T06:47:29.591+0000] {processor.py:914} INFO - Processing file /opt/airflow/dags/create_mart_dag.py for tasks to queue
[2026-06-04T06:47:29.602+0000] {logging_mixin.py:190} INFO - [2026-06-04T06:47:29.602+0000] {dagbag.py:588} INFO - Filling up the DagBag from /opt/airflow/dags/create_mart_dag.py
[2026-06-04T06:47:29.634+0000] {processor.py:925} INFO - DAG(s) 'create_analytics_mart' retrieved from /opt/airflow/dags/create_mart_dag.py
[2026-06-04T06:47:29.666+0000] {logging_mixin.py:190} INFO - [2026-06-04T06:47:29.666+0000] {dag.py:3239} INFO - Sync 1 DAGs
[2026-06-04T06:47:29.693+0000] {logging_mixin.py:190} INFO - [2026-06-04T06:47:29.693+0000] {dag.py:4180} INFO - Setting next_dagrun for create_analytics_mart to 2026-06-04 02:00:00+00:00, run_after=2026-06-05 02:00:00+00:00
[2026-06-04T06:47:29.716+0000] {processor.py:208} INFO - Processing /opt/airflow/dags/create_mart_dag.py took 0.136 seconds
[2026-06-04T06:48:00.073+0000] {processor.py:186} INFO - Started process (PID=236) to work on /opt/airflow/dags/create_mart_dag.py
[2026-06-04T06:48:00.074+0000] {processor.py:914} INFO - Processing file /opt/airflow/dags/create_mart_dag.py for tasks to queue
[2026-06-04T06:48:00.077+0000] {logging_mixin.py:190} INFO - [2026-06-04T06:48:00.076+0000] {dagbag.py:588} INFO - Filling up the DagBag from /opt/airflow/dags/create_mart_dag.py
[2026-06-04T06:48:00.108+0000] {processor.py:925} INFO - DAG(s) 'create_analytics_mart' retrieved from /opt/airflow/dags/create_mart_dag.py
[2026-06-04T06:48:00.136+0000] {logging_mixin.py:190} INFO - [2026-06-04T06:48:00.135+0000] {dag.py:3239} INFO - Sync 1 DAGs
[2026-06-04T06:48:00.161+0000] {logging_mixin.py:190} INFO - [2026-06-04T06:48:00.161+0000] {dag.py:4180} INFO - Setting next_dagrun for create_analytics_mart to 2026-06-04 02:00:00+00:00, run_after=2026-06-05 02:00:00+00:00
[2026-06-04T06:48:00.180+0000] {processor.py:208} INFO - Processing /opt/airflow/dags/create_mart_dag.py took 0.115 seconds
[2026-06-04T06:48:30.569+0000] {processor.py:186} INFO - Started process (PID=252) to work on /opt/airflow/dags/create_mart_dag.py
[2026-06-04T06:48:30.570+0000] {processor.py:914} INFO - Processing file /opt/airflow/dags/create_mart_dag.py for tasks to queue
[2026-06-04T06:48:30.574+0000] {logging_mixin.py:190} INFO - [2026-06-04T06:48:30.573+0000] {dagbag.py:588} INFO - Filling up the DagBag from /opt/airflow/dags/create_mart_dag.py
[2026-06-04T06:48:30.612+0000] {processor.py:925} INFO - DAG(s) 'create_analytics_mart' retrieved from /opt/airflow/dags/create_mart_dag.py
[2026-06-04T06:48:30.649+0000] {logging_mixin.py:190} INFO - [2026-06-04T06:48:30.649+0000] {dag.py:3239} INFO - Sync 1 DAGs
[2026-06-04T06:48:30.673+0000] {logging_mixin.py:190} INFO - [2026-06-04T06:48:30.673+0000] {dag.py:4180} INFO - Setting next_dagrun for create_analytics_mart to 2026-06-04 02:00:00+00:00, run_after=2026-06-05 02:00:00+00:00
[2026-06-04T06:48:30.695+0000] {processor.py:208} INFO - Processing /opt/airflow/dags/create_mart_dag.py took 0.135 seconds
[2026-06-04T06:49:01.061+0000] {processor.py:186} INFO - Started process (PID=268) to work on /opt/airflow/dags/create_mart_dag.py
[2026-06-04T06:49:01.061+0000] {processor.py:914} INFO - Processing file /opt/airflow/dags/create_mart_dag.py for tasks to queue
[2026-06-04T06:49:01.064+0000] {logging_mixin.py:190} INFO - [2026-06-04T06:49:01.063+0000] {dagbag.py:588} INFO - Filling up the DagBag from /opt/airflow/dags/create_mart_dag.py
[2026-06-04T06:49:01.097+0000] {processor.py:925} INFO - DAG(s) 'create_analytics_mart' retrieved from /opt/airflow/dags/create_mart_dag.py
[2026-06-04T06:49:01.132+0000] {logging_mixin.py:190} INFO - [2026-06-04T06:49:01.132+0000] {dag.py:3239} INFO - Sync 1 DAGs
[2026-06-04T06:49:01.158+0000] {logging_mixin.py:190} INFO - [2026-06-04T06:49:01.158+0000] {dag.py:4180} INFO - Setting next_dagrun for create_analytics_mart to 2026-06-04 02:00:00+00:00, run_after=2026-06-05 02:00:00+00:00
[2026-06-04T06:49:01.181+0000] {processor.py:208} INFO - Processing /opt/airflow/dags/create_mart_dag.py took 0.126 seconds
[2026-06-04T06:49:31.561+0000] {processor.py:186} INFO - Started process (PID=284) to work on /opt/airflow/dags/create_mart_dag.py
[2026-06-04T06:49:31.562+0000] {processor.py:914} INFO - Processing file /opt/airflow/dags/create_mart_dag.py for tasks to queue
[2026-06-04T06:49:31.565+0000] {logging_mixin.py:190} INFO - [2026-06-04T06:49:31.565+0000] {dagbag.py:588} INFO - Filling up the DagBag from /opt/airflow/dags/create_mart_dag.py
[2026-06-04T06:49:31.606+0000] {processor.py:925} INFO - DAG(s) 'create_analytics_mart' retrieved from /opt/airflow/dags/create_mart_dag.py
[2026-06-04T06:49:31.642+0000] {logging_mixin.py:190} INFO - [2026-06-04T06:49:31.642+0000] {dag.py:3239} INFO - Sync 1 DAGs
[2026-06-04T06:49:31.673+0000] {logging_mixin.py:190} INFO - [2026-06-04T06:49:31.672+0000] {dag.py:4180} INFO - Setting next_dagrun for create_analytics_mart to 2026-06-04 02:00:00+00:00, run_after=2026-06-05 02:00:00+00:00
[2026-06-04T06:49:31.693+0000] {processor.py:208} INFO - Processing /opt/airflow/dags/create_mart_dag.py took 0.140 seconds
[2026-06-04T06:50:02.049+0000] {processor.py:186} INFO - Started process (PID=300) to work on /opt/airflow/dags/create_mart_dag.py
[2026-06-04T06:50:02.049+0000] {processor.py:914} INFO - Processing file /opt/airflow/dags/create_mart_dag.py for tasks to queue
[2026-06-04T06:50:02.052+0000] {logging_mixin.py:190} INFO - [2026-06-04T06:50:02.052+0000] {dagbag.py:588} INFO - Filling up the DagBag from /opt/airflow/dags/create_mart_dag.py
[2026-06-04T06:50:02.084+0000] {processor.py:925} INFO - DAG(s) 'create_analytics_mart' retrieved from /opt/airflow/dags/create_mart_dag.py
[2026-06-04T06:50:02.113+0000] {logging_mixin.py:190} INFO - [2026-06-04T06:50:02.113+0000] {dag.py:3239} INFO - Sync 1 DAGs
[2026-06-04T06:50:02.137+0000] {logging_mixin.py:190} INFO - [2026-06-04T06:50:02.137+0000] {dag.py:4180} INFO - Setting next_dagrun for create_analytics_mart to 2026-06-04 02:00:00+00:00, run_after=2026-06-05 02:00:00+00:00
[2026-06-04T06:50:02.155+0000] {processor.py:208} INFO - Processing /opt/airflow/dags/create_mart_dag.py took 0.113 seconds
[2026-06-04T06:50:32.532+0000] {processor.py:186} INFO - Started process (PID=316) to work on /opt/airflow/dags/create_mart_dag.py
[2026-06-04T06:50:32.533+0000] {processor.py:914} INFO - Processing file /opt/airflow/dags/create_mart_dag.py for tasks to queue
[2026-06-04T06:50:32.538+0000] {logging_mixin.py:190} INFO - [2026-06-04T06:50:32.538+0000] {dagbag.py:588} INFO - Filling up the DagBag from /opt/airflow/dags/create_mart_dag.py
[2026-06-04T06:50:32.571+0000] {processor.py:925} INFO - DAG(s) 'create_analytics_mart' retrieved from /opt/airflow/dags/create_mart_dag.py
[2026-06-04T06:50:32.604+0000] {logging_mixin.py:190} INFO - [2026-06-04T06:50:32.604+0000] {dag.py:3239} INFO - Sync 1 DAGs
[2026-06-04T06:50:32.628+0000] {logging_mixin.py:190} INFO - [2026-06-04T06:50:32.628+0000] {dag.py:4180} INFO - Setting next_dagrun for create_analytics_mart to 2026-06-04 02:00:00+00:00, run_after=2026-06-05 02:00:00+00:00
[2026-06-04T06:50:32.648+0000] {processor.py:208} INFO - Processing /opt/airflow/dags/create_mart_dag.py took 0.125 seconds
[2026-06-04T06:51:03.023+0000] {processor.py:186} INFO - Started process (PID=332) to work on /opt/airflow/dags/create_mart_dag.py
[2026-06-04T06:51:03.024+0000] {processor.py:914} INFO - Processing file /opt/airflow/dags/create_mart_dag.py for tasks to queue
[2026-06-04T06:51:03.027+0000] {logging_mixin.py:190} INFO - [2026-06-04T06:51:03.027+0000] {dagbag.py:588} INFO - Filling up the DagBag from /opt/airflow/dags/create_mart_dag.py
[2026-06-04T06:51:03.065+0000] {processor.py:925} INFO - DAG(s) 'create_analytics_mart' retrieved from /opt/airflow/dags/create_mart_dag.py
[2026-06-04T06:51:03.101+0000] {logging_mixin.py:190} INFO - [2026-06-04T06:51:03.101+0000] {dag.py:3239} INFO - Sync 1 DAGs
[2026-06-04T06:51:03.130+0000] {logging_mixin.py:190} INFO - [2026-06-04T06:51:03.130+0000] {dag.py:4180} INFO - Setting next_dagrun for create_analytics_mart to 2026-06-04 02:00:00+00:00, run_after=2026-06-05 02:00:00+00:00
[2026-06-04T06:51:03.155+0000] {processor.py:208} INFO - Processing /opt/airflow/dags/create_mart_dag.py took 0.136 seconds
[2026-06-04T06:51:33.603+0000] {processor.py:186} INFO - Started process (PID=349) to work on /opt/airflow/dags/create_mart_dag.py
[2026-06-04T06:51:33.604+0000] {processor.py:914} INFO - Processing file /opt/airflow/dags/create_mart_dag.py for tasks to queue
[2026-06-04T06:51:33.607+0000] {logging_mixin.py:190} INFO - [2026-06-04T06:51:33.607+0000] {dagbag.py:588} INFO - Filling up the DagBag from /opt/airflow/dags/create_mart_dag.py
[2026-06-04T06:51:33.641+0000] {processor.py:925} INFO - DAG(s) 'create_analytics_mart' retrieved from /opt/airflow/dags/create_mart_dag.py
[2026-06-04T06:51:33.673+0000] {logging_mixin.py:190} INFO - [2026-06-04T06:51:33.673+0000] {dag.py:3239} INFO - Sync 1 DAGs
[2026-06-04T06:51:33.704+0000] {logging_mixin.py:190} INFO - [2026-06-04T06:51:33.704+0000] {dag.py:4180} INFO - Setting next_dagrun for create_analytics_mart to 2026-06-04 02:00:00+00:00, run_after=2026-06-05 02:00:00+00:00
[2026-06-04T06:51:33.725+0000] {processor.py:208} INFO - Processing /opt/airflow/dags/create_mart_dag.py took 0.128 seconds
[2026-06-04T06:52:04.076+0000] {processor.py:186} INFO - Started process (PID=365) to work on /opt/airflow/dags/create_mart_dag.py
[2026-06-04T06:52:04.076+0000] {processor.py:914} INFO - Processing file /opt/airflow/dags/create_mart_dag.py for tasks to queue
[2026-06-04T06:52:04.079+0000] {logging_mixin.py:190} INFO - [2026-06-04T06:52:04.079+0000] {dagbag.py:588} INFO - Filling up the DagBag from /opt/airflow/dags/create_mart_dag.py
[2026-06-04T06:52:04.111+0000] {processor.py:925} INFO - DAG(s) 'create_analytics_mart' retrieved from /opt/airflow/dags/create_mart_dag.py
[2026-06-04T06:52:04.138+0000] {logging_mixin.py:190} INFO - [2026-06-04T06:52:04.137+0000] {dag.py:3239} INFO - Sync 1 DAGs
[2026-06-04T06:52:04.162+0000] {logging_mixin.py:190} INFO - [2026-06-04T06:52:04.162+0000] {dag.py:4180} INFO - Setting next_dagrun for create_analytics_mart to 2026-06-04 02:00:00+00:00, run_after=2026-06-05 02:00:00+00:00
[2026-06-04T06:52:04.180+0000] {processor.py:208} INFO - Processing /opt/airflow/dags/create_mart_dag.py took 0.110 seconds
[2026-06-04T06:52:34.549+0000] {processor.py:186} INFO - Started process (PID=381) to work on /opt/airflow/dags/create_mart_dag.py
[2026-06-04T06:52:34.550+0000] {processor.py:914} INFO - Processing file /opt/airflow/dags/create_mart_dag.py for tasks to queue
[2026-06-04T06:52:34.552+0000] {logging_mixin.py:190} INFO - [2026-06-04T06:52:34.552+0000] {dagbag.py:588} INFO - Filling up the DagBag from /opt/airflow/dags/create_mart_dag.py
[2026-06-04T06:52:34.591+0000] {processor.py:925} INFO - DAG(s) 'create_analytics_mart' retrieved from /opt/airflow/dags/create_mart_dag.py
[2026-06-04T06:52:34.630+0000] {logging_mixin.py:190} INFO - [2026-06-04T06:52:34.629+0000] {dag.py:3239} INFO - Sync 1 DAGs
[2026-06-04T06:52:34.660+0000] {logging_mixin.py:190} INFO - [2026-06-04T06:52:34.660+0000] {dag.py:4180} INFO - Setting next_dagrun for create_analytics_mart to 2026-06-04 02:00:00+00:00, run_after=2026-06-05 02:00:00+00:00
[2026-06-04T06:52:34.684+0000] {processor.py:208} INFO - Processing /opt/airflow/dags/create_mart_dag.py took 0.141 seconds
[2026-06-04T06:53:05.070+0000] {processor.py:186} INFO - Started process (PID=397) to work on /opt/airflow/dags/create_mart_dag.py
[2026-06-04T06:53:05.072+0000] {processor.py:914} INFO - Processing file /opt/airflow/dags/create_mart_dag.py for tasks to queue
[2026-06-04T06:53:05.075+0000] {logging_mixin.py:190} INFO - [2026-06-04T06:53:05.075+0000] {dagbag.py:588} INFO - Filling up the DagBag from /opt/airflow/dags/create_mart_dag.py
[2026-06-04T06:53:05.118+0000] {processor.py:925} INFO - DAG(s) 'create_analytics_mart' retrieved from /opt/airflow/dags/create_mart_dag.py
[2026-06-04T06:53:05.163+0000] {logging_mixin.py:190} INFO - [2026-06-04T06:53:05.163+0000] {dag.py:3239} INFO - Sync 1 DAGs
[2026-06-04T06:53:05.201+0000] {logging_mixin.py:190} INFO - [2026-06-04T06:53:05.201+0000] {dag.py:4180} INFO - Setting next_dagrun for create_analytics_mart to 2026-06-04 02:00:00+00:00, run_after=2026-06-05 02:00:00+00:00
[2026-06-04T06:53:05.227+0000] {processor.py:208} INFO - Processing /opt/airflow/dags/create_mart_dag.py took 0.163 seconds
[2026-06-04T06:53:35.610+0000] {processor.py:186} INFO - Started process (PID=413) to work on /opt/airflow/dags/create_mart_dag.py
[2026-06-04T06:53:35.611+0000] {processor.py:914} INFO - Processing file /opt/airflow/dags/create_mart_dag.py for tasks to queue
[2026-06-04T06:53:35.614+0000] {logging_mixin.py:190} INFO - [2026-06-04T06:53:35.614+0000] {dagbag.py:588} INFO - Filling up the DagBag from /opt/airflow/dags/create_mart_dag.py
[2026-06-04T06:53:35.647+0000] {processor.py:925} INFO - DAG(s) 'create_analytics_mart' retrieved from /opt/airflow/dags/create_mart_dag.py
[2026-06-04T06:53:35.683+0000] {logging_mixin.py:190} INFO - [2026-06-04T06:53:35.682+0000] {dag.py:3239} INFO - Sync 1 DAGs
[2026-06-04T06:53:35.709+0000] {logging_mixin.py:190} INFO - [2026-06-04T06:53:35.709+0000] {dag.py:4180} INFO - Setting next_dagrun for create_analytics_mart to 2026-06-04 02:00:00+00:00, run_after=2026-06-05 02:00:00+00:00
[2026-06-04T06:53:35.728+0000] {processor.py:208} INFO - Processing /opt/airflow/dags/create_mart_dag.py took 0.123 seconds
